business_name,platform,post_id,post_url,published_at,caption,hashtags,media_urls,likes,comments,shares,top_comments
CDA - Centro de Diagnóstico Avançado,facebook,122267110058177828,https://www.facebook.com/CDA.Maputo/posts/pfbid0hf6VZw2sYyfUDvnShcUpaVq89KGdV81gqZUMr4MJAoHfqsdC66Lz4JAkwxNGJiHMl,2026-06-25T11:42:13.000Z,"25 de Junho – Dia da Independência de Moçambique

Hoje celebramos a coragem, a determinação e o espírito de um povo que construiu a sua própria história. Que esta data nos inspire a continuar a trabalhar por um Moçambique cada vez mais forte, unido e próspero.

O CDA – Centro de Diagnóstico Avançado deseja a todos os moçambicanos um Feliz Dia da Independência, repleto de paz, saúde, esperança e conquistas.

📍 Av. Ahmed Sekou Touré, Nº 754
📞 84/82 1530 305
📧 cdiagnosticomaputo@gmail.com",,https://scontent-hou1-1.xx.fbcdn.net/v/t39.30808-6/731397606_122267110034177828_8866221674086718161_n.jpg?stp=dst-jpg_tt6&cstp=mx1694x2048&ctp=p526x296&_nc_cat=101&ccb=1-7&_nc_sid=833d8c&_nc_ohc=NyCqO_0ZJLoQ7kNvwEU4J4o&_nc_oc=AdqVtgVqHsfIAThYWokIPbYaDzly8BJTR5MUfzgdQtLLiQjftPWabpQ9ycJvt7Vxg4w&_nc_zt=23&_nc_ht=scontent-hou1-1.xx&_nc_gid=FQWQYvHGDwQHPD0cpae3XQ&_nc_ss=7c289&oh=00_AQC8ua9YNUZDbsIDmW8Mj7vq8Mbr1gv59lupqW1pXsE4cw&oe=6A4CE6DC,1,0,0,
CDA - Centro de Diagnóstico Avançado,facebook,122266190186177828,https://www.facebook.com/CDA.Maputo/posts/pfbid027FF96ac5PN6U9FP342BTus8drAo6aSdcKT1xVq1pzgA85DxBNawB5R8aeX5mMGyl,2026-06-16T17:17:49.000Z,"Feliz Dia da Criança Africana! 💚

Hoje celebramos a força, a alegria, a esperança e os sonhos das crianças africanas. Cada criança merece crescer com amor, educação, saúde e oportunidades para construir um futuro melhor.

Que este dia nos inspire a proteger os direitos das crianças e a investir no seu desenvolvimento, pois elas são a riqueza mais valiosa do nosso continente.

✨ Uma criança feliz hoje é uma África mais forte amanhã.",,https://scontent-hou1-1.xx.fbcdn.net/v/t39.30808-6/724653867_122266190162177828_8813347074726968398_n.jpg?stp=dst-jpg_tt6&cstp=mx1694x2048&ctp=p526x296&_nc_cat=104&ccb=1-7&_nc_sid=833d8c&_nc_ohc=mZ9DLVxpFuoQ7kNvwHOyg-3&_nc_oc=Ado3fpr4ZPq6py-YZW15SZPGQHx6Qc7UkRrxtI5eirEwFIimeSqJeZxNp85hnVRfUCs&_nc_zt=23&_nc_ht=scontent-hou1-1.xx&_nc_gid=FQWQYvHGDwQHPD0cpae3XQ&_nc_ss=7c289&oh=00_AQBMyzHE6qgU2N-NCONgHdJ0AkR8KaLos9JU3qkbdyAbtQ&oe=6A4CF452,0,0,0,
CDA - Centro de Diagnóstico Avançado,facebook,122265037334177828,https://www.facebook.com/CDA.Maputo/posts/pfbid0hv4FaTntu7T8chPCVrFq3hEYBH76bhVx6Ce9AfA5PKyQuFoCzazgwMWtoR3pJoQ4l,2026-06-06T06:21:46.000Z,"O COLESTEROL ALTO PODE NÃO DAR SINAIS!

Mesmo sem sintomas, o colesterol elevado pode bloquear as artérias e aumentar o risco de problemas cardíacos e AVC.

✅ Faça exames regularmente
✅ Monitore sua saúde com precisão
✅ Previna complicações futuras
✅ Atendimento rápido e confiável

🩺 Cuidar hoje é evitar problemas amanhã. Não espere os sintomas aparecerem!

📞 Agende já o seu exame: 84/82 1530 305
📧 cdiagnosticomaputo@gmail.com
📍 Av. Ahmed Sekou Toure, N754 – Maputo

#colesterol #exameslaboratoriais #consultas #Maputo #CDA","colesterol, exameslaboratoriais, consultas, maputo, cda",https://scontent-hou1-1.xx.fbcdn.net/v/t39.30808-6/718139569_122265037304177828_5348761618820780545_n.jpg?stp=dst-jpg_tt6&cstp=mx1694x2048&ctp=p526x296&_nc_cat=109&ccb=1-7&_nc_sid=833d8c&_nc_ohc=tUNm8TMZEJ0Q7kNvwFnfT9k&_nc_oc=AdoVa95JLgtyujmCd5Z-jSV_sUQ1HQ5Nhu-fijAocXYAv1JR6aqAS-WIpE9QW0VtZqw&_nc_zt=23&_nc_ht=scontent-hou1-1.xx&_nc_gid=FQWQYvHGDwQHPD0cpae3XQ&_nc_ss=7c289&oh=00_AQBc7r9MjcItPRoJE-eECSA7lo87DJm0dgjnQNinIsj90w&oe=6A4D07EE,0,0,0,
CDA - Centro de Diagnóstico Avançado,facebook,122264528948177828,https://www.facebook.com/CDA.Maputo/posts/pfbid027Ubx3gRuRoMHZP7fuPX6PEE5XYVMKJEQ1YKYYu3Qusq3CrAhofb3ek11h49mRaUYl,2026-06-01T09:51:08.000Z,"FELIZ DIA DAS CRIANÇAS! 🎈

Cada sorriso, cada brincadeira e cada sonho representam a esperança de um futuro melhor. Neste Dia das Crianças, celebramos a alegria, a inocência e a força que tornam cada criança especial.

💙 Cuidar de uma criança é cuidar do amanhã.

O CDA – Centro de Diagnóstico Avançado deseja um dia repleto de felicidade, saúde e momentos inesquecíveis para todas as crianças e suas famílias.

📞 84/82 1530 305
📍 Av. Ahmed Sekou Touré, N° 754
📧 cdiagnosticomaputo@gmail.com",,https://scontent-iad3-2.xx.fbcdn.net/v/t39.30808-6/711630915_122264528924177828_3137540745489044182_n.jpg?stp=dst-jpg_tt6&cstp=mx1694x2048&ctp=p526x296&_nc_cat=103&ccb=1-7&_nc_sid=833d8c&_nc_ohc=k_Omejh5FZEQ7kNvwFMj4xU&_nc_oc=AdoRs6kRIweX_VwO_eiU3rts9BRFLL6cEOte-56qphd9HYtQWlqYJcxMqJ0rjPaMwz8&_nc_zt=23&_nc_ht=scontent-iad3-2.xx&_nc_gid=q1eg4KQpGEpRvLNSpBtz3g&_nc_ss=72289&oh=00_AQD6poSAlkB4vWFq1YfKlGNV56NY_SEGEeP8twa-2KYwvQ&oe=6A4D0714,0,0,0,
CDA - Centro de Diagnóstico Avançado,facebook,122264290436177828,https://www.facebook.com/CDA.Maputo/posts/pfbid0s2xjwDcWqHWEk1eL6s88Dph8ybyMYCxTdyNnK1fnWuomSEoYfChHGNZ4GVx7ubTxl,2026-05-30T07:11:45.000Z,"DIABETES PODEM SURGIR EM SILÊNCIO!

Sede excessiva, cansaço constante, perda de peso e visão turva podem ser sinais de alerta. Não espere os sintomas piorarem para cuidar da sua saúde.

✅ Faça o teste de diabetes regularmente
✅ Previna complicações nos rins, coração e visão
✅ Diagnóstico rápido e confiável
✅ Atendimento profissional e seguro

🩺 Detectar cedo pode salvar a sua saúde e melhorar a sua qualidade de vida.

📞 Marque já o seu exame: 84/82 1530 305
📧 cdiagnosticomaputo@gmail.com
📍 Av. Ahmed Sekou Toure, N754 – Maputo

#diabetes #exameslaboratoriais #consultas #Maputo #CDA","diabetes, exameslaboratoriais, consultas, maputo, cda",https://scontent-iad3-1.xx.fbcdn.net/v/t39.30808-6/709101612_122264290406177828_1086124072645286730_n.jpg?stp=dst-jpg_tt6&cstp=mx1694x2048&ctp=p526x296&_nc_cat=104&ccb=1-7&_nc_sid=833d8c&_nc_ohc=U1AHv8sVqnwQ7kNvwFtKu9X&_nc_oc=Ado1yzO2gx_t3bNRARXXAT0C4cbrvWBVbcWEqYdAKpS8-dowyhv7RDCiNl4pgnX_inc&_nc_zt=23&_nc_ht=scontent-iad3-1.xx&_nc_gid=q1eg4KQpGEpRvLNSpBtz3g&_nc_ss=72289&oh=00_AQC85J96sHsJMhZ7X_RUhjVNA8JHb9K5TKBuemLs9zRLHQ&oe=6A4CD719,0,0,0,
CDA - Centro de Diagnóstico Avançado,facebook,122264008604177828,https://www.facebook.com/CDA.Maputo/posts/pfbid02a3mxkVcLjnKYzNrPEXZ9afGrQDsfVRyxkZfpHFJJ8fwJHyM4fx3aWF7Q3xurx3Bgl,2026-05-27T12:27:39.000Z,"HIPERTENSÃO: O INIMIGO SILENCIOSO!

Muitas pessoas vivem com pressão alta sem saber… e quando os sintomas aparecem, os riscos podem ser graves.

⚠️ A hipertensão pode causar:
❌ AVC
❌ Problemas cardíacos
❌ Danos nos rins
❌ Complicações graves de saúde

✅ Faça os seus exames regularmente
✅ Controle a sua pressão arterial
✅ Cuide da sua saúde antes que seja tarde

📞 Marque já a sua consulta: 84/82 1530 305
📧 cdiagnosticomaputo@gmail.com
📍 Av. Ahmed Sekou Toure, N754 – Maputo

#hipertensao #exameslaboratoriais #consultas #Maputo #CDA","hipertensao, exameslaboratoriais, consultas, maputo, cda",https://scontent-iad3-2.xx.fbcdn.net/v/t39.30808-6/708953137_122264008526177828_8855237810891201695_n.jpg?stp=dst-jpg_tt6&cstp=mx1694x2048&ctp=p526x296&_nc_cat=105&ccb=1-7&_nc_sid=833d8c&_nc_ohc=uFH3sPGSuioQ7kNvwG4pO68&_nc_oc=AdqsZ5Mzjb_L4F3ocOGlUKAPYYRiU1L21OwkDZCgnQTJH3bifwTUbRGwQDiaVO_VjqU&_nc_zt=23&_nc_ht=scontent-iad3-2.xx&_nc_gid=q1eg4KQpGEpRvLNSpBtz3g&_nc_ss=72289&oh=00_AQC91x-jvIpl_29veNwYtC-78IBY4NvR4lI7SIDEkbK_RA&oe=6A4D07D3,0,0,0,
CDA - Centro de Diagnóstico Avançado,facebook,122263813418177828,https://www.facebook.com/CDA.Maputo/posts/pfbid02K15WCDAPyYf9w2zkFp9jEyx7MXunworTBW6Ff55yzonYyuNpihGereRDFo7FBagql,2026-05-25T17:25:47.000Z,"NÃO IGNORE OS SINAIS DO SEU CORPO!

Ardor ao urinar? Dor nos rins? Urina com cheiro forte ou cor diferente?

Faça já o seu EXAME COMPLETO DE URINA e descubra possíveis infecções e problemas renais antes que se agravem.

✅ Atendimento rápido
✅ Resultados confiáveis
✅ Profissionais qualificados
✅ Ambiente seguro e moderno

📞 CONTACTE-NOS: 84/82 1530 305
📧 cdiagnosticomaputo@gmail.com
📍 Av. Ahmed Sekou Toure, N754 – Maputo

#urina #exameslaboratoriais #consultas #Maputo #CDA","urina, exameslaboratoriais, consultas, maputo, cda",https://scontent-atl3-2.xx.fbcdn.net/v/t39.30808-6/706981983_122263813394177828_7944769672565509882_n.jpg?stp=dst-jpg_tt6&cstp=mx1694x2048&ctp=p526x296&_nc_cat=102&ccb=1-7&_nc_sid=833d8c&_nc_ohc=kyOOGcmkHdsQ7kNvwFgJjxU&_nc_oc=AdqSsqEVak1si2hk_q1g0zDFfvixbhLEoRY4DlWIddnefPOKnryFYzAOIaqItp7YDPc&_nc_zt=23&_nc_ht=scontent-atl3-2.xx&_nc_gid=fZpqrOxK3eVZudgkJi4oXw&_nc_ss=72289&oh=00_AQBCbKscD0LkEOWaeSNoQANrQfctq6vErkXMLKKlT-uJOA&oe=6A4CFB70,2,0,1,
CDA - Centro de Diagnóstico Avançado,facebook,122260929098177828,https://www.facebook.com/CDA.Maputo/posts/pfbid02JeDeeGNLpWFc9Bs8wHq4hzCqhUcyBXbEHp1yCMqMqnDZfGxv9WoX1pDgsZRtZBHLl,2026-05-01T13:02:41.000Z,"Feliz dia do Trabalhador!

#feriado #analisesclinicas #exameslaboratoriais #consultas #Moçambique #Maputo #CDA","feriado, analisesclinicas, exameslaboratoriais, consultas, mo%C3%A7ambique, maputo, cda",https://scontent-atl3-1.xx.fbcdn.net/v/t39.30808-6/685075476_122260929074177828_4592717148378063743_n.jpg?stp=dst-jpg_tt6&cstp=mx1638x2048&ctp=s640x640&_nc_cat=106&ccb=1-7&_nc_sid=833d8c&_nc_ohc=C0DsYTQvkZQQ7kNvwHIIIUc&_nc_oc=Adrlw0LxvyoquLumY18HFIB4IwxltpgaKoRb_16-2401qo38FGBe4wMuMYwYKcwzMLI&_nc_zt=23&_nc_ht=scontent-atl3-1.xx&_nc_gid=fZpqrOxK3eVZudgkJi4oXw&_nc_ss=72289&oh=00_AQAOsFToh9Lij6ReqJrycu-7mCkeF5yHx9sDYHqEhgAHew&oe=6A4CF2AE,0,0,1,
CDA - Centro de Diagnóstico Avançado,facebook,122257874828177828,https://www.facebook.com/CDA.Maputo/posts/pfbid0DbD7UxxHGp1Cqiu9vJRba1qZrmnMRvVSzYKQPDiYccHpBCSnNMXBtkBc5nWhCDwfl,2026-04-07T09:26:51.000Z,"Investir na saúde da mulher é garantir a vitalidade de toda a nação. Neste 7 de Abril, celebramos a vida e a resiliência de todas as moçambicanas 🇲🇿🌻✨

#mulhermocambicana #saude #Maputo #CDA","mulhermocambicana, saude, maputo, cda",https://scontent-atl3-3.xx.fbcdn.net/v/t39.30808-6/666042437_122257874798177828_7948095424511099692_n.jpg?stp=dst-jpg_tt6&cstp=mx1694x2048&ctp=p526x296&_nc_cat=107&ccb=1-7&_nc_sid=833d8c&_nc_ohc=pdbWzRQf24AQ7kNvwHBu1Gy&_nc_oc=AdryP8SwZ9cLph9Fx2_9oiAnhI4c0BUC-L3qsuphYJQGvwR7XkZd_bGFPwqtpfcwBB8&_nc_zt=23&_nc_ht=scontent-atl3-3.xx&_nc_gid=fZpqrOxK3eVZudgkJi4oXw&_nc_ss=72289&oh=00_AQAh3bajpyCvN2fL1E0LGRXNBbIZ9bz7QN5TKUzU94Y7Yw&oe=6A4CFF22,1,0,0,
CDA - Centro de Diagnóstico Avançado,facebook,122256659546177828,https://www.facebook.com/CDA.Maputo/posts/pfbid0Z6dHLc1RBZyTdpHdAtksD2osUq6HgN2BLBaycFXA56huuPRKkrLfU5nNwQo7PTJsl,2026-03-28T17:00:42.000Z,"Feliz Dia do Médico!

Hoje celebramos aqueles que dedicam suas vidas a cuidar, salvar e trazer esperança todos os dias.

Ser médico é mais do que uma profissão — é uma missão de amor, compromisso e humanidade.

A todos os médicos, o nosso profundo respeito e gratidão pelo vosso trabalho incansável.

#diadomedico #doctorsday #saude #Maputo #CDA","diadomedico, doctorsday, saude, maputo, cda",https://scontent.fcha1-1.fna.fbcdn.net/v/t39.30808-6/658139281_122256659516177828_2400008191554241679_n.jpg?stp=dst-jpg_tt6&cstp=mx1694x2048&ctp=p526x296&_nc_cat=108&ccb=1-7&_nc_sid=833d8c&_nc_ohc=otkZ2q0C01kQ7kNvwE6AtpJ&_nc_oc=Adrs9ZDYJrS2vBdGyPEEj_ZXIS5h2TIHoPsIHsSOLsLvzumGFIDMTJh8sm7IWOS7UPw&_nc_zt=23&_nc_ht=scontent.fcha1-1.fna&_nc_gid=6ZIAuZ7w_cIlDtK6KXhxxg&_nc_ss=72289&oh=00_AQAgW9HtPeMsbSys_lYfANaANSDqB8tBL2ocZKnKyQyEaw&oe=6A4CD231,0,0,0,
CDA - Centro de Diagnóstico Avançado,facebook,122255586056177828,https://www.facebook.com/CDA.Maputo/posts/pfbid06GASAwtLDjjiAuoe2ESrU69GwhTcpZVJLWhLMshGohXxtQDioaJ4to4tNiGkGPfVl,2026-03-20T08:19:14.000Z,"✨ Neste Eid-ul-Fitr, o CDA deseja à comunidade muçulmana em todo o país votos de paz, bênçãos e prosperidade.

Após um período de fé, reflexão e disciplina, que esta celebração fortaleça a união, a solidariedade e renove os valores espirituais.

Reafirmamos o nosso compromisso com a saúde e o bem-estar completo, valorizando o equilíbrio entre corpo, mente e espírito.

Que este Eid traga esperança, harmonia e tranquilidade a todos os lares.

Eid Mubarak a todos os que caminham connosco: pacientes, equipa, parceiros e à comunidade islâmica em geral !

#Eid #alegria #celebração #Maputo #CDA","eid, alegria, celebra%C3%A7%C3%A3o, maputo, cda",https://scontent.fcha1-1.fna.fbcdn.net/v/t39.30808-6/653917170_122255586032177828_5467595234075497354_n.jpg?stp=dst-jpg_tt6&cstp=mx1694x2048&ctp=p526x296&_nc_cat=106&ccb=1-7&_nc_sid=833d8c&_nc_ohc=u3H4n1wEa1kQ7kNvwE6XPTB&_nc_oc=Adr4OSFLLPiIWxfCP7-VBY7RF9RGBslnEY5ipwqhldADAmc4vBPfK5YwteatEPRM6TE&_nc_zt=23&_nc_ht=scontent.fcha1-1.fna&_nc_gid=6ZIAuZ7w_cIlDtK6KXhxxg&_nc_ss=72289&oh=00_AQDD8EvDkYfwFUH5ZRC7wpzCbxzw2apYdCTFKW_ZrX7DHg&oe=6A4D064E,0,0,0,
CDA - Centro de Diagnóstico Avançado,facebook,122255358260177828,https://www.facebook.com/CDA.Maputo/posts/pfbid02QAXqqveRZsyASnhNUt49qorxvnYbJReuiN7nmB9AueQDGNtGhsx7B8Jq2kRoo2JNl,2026-03-18T12:54:28.000Z,"No CDA, a sua experiência em Ressonância Magnética atinge um novo nível.  Tecnologia de ponta para garantir máximo conforto, silêncio e tranquilidade em cada exame.

Estamos prontos para cuidar de si. Faça já a sua marcação!

Cuidados especializados, cuidados de confiança

Endereço: Av. Ahmed Sekou Touré, Num. 754
Telefone: 84/82 15 30 305
Email: cdiagnosticomaputo@gmail.com

#ressonanciamagnetica #exames #consultas #Maputo #CDA","ressonanciamagnetica, exames, consultas, maputo, cda",https://scontent.fcha1-1.fna.fbcdn.net/v/t39.30808-6/654802149_122255358236177828_8220131216503282030_n.jpg?stp=dst-jpg_tt6&cstp=mx1694x2048&ctp=p526x296&_nc_cat=103&ccb=1-7&_nc_sid=833d8c&_nc_ohc=L99SglHqr40Q7kNvwEt31J3&_nc_oc=Adq3Wt_8ZDE0CAsopRLG3JYeuqxe2Pc7yXAThpdsCtJigd3sJmRYGxO6cFhzeaAFLTg&_nc_zt=23&_nc_ht=scontent.fcha1-1.fna&_nc_gid=6ZIAuZ7w_cIlDtK6KXhxxg&_nc_ss=72289&oh=00_AQDhdCQlVC4Vd0zWLC2ZHfEbvTD-UI7JfDbvzDy9Bg6i0A&oe=6A4CE54A,1,0,0,
CDA - Centro de Diagnóstico Avançado,facebook,122254474292177828,https://www.facebook.com/CDA.Maputo/posts/pfbid034SZBVku3TomyWhxQuQH2Hd4NyGEVufrtXZFKZYtgue1TPtgUSpkX9C86DozWFhszl,2026-03-11T17:31:03.000Z,"AIRTEST - este teste pode ajudar a investigar sintomas como:
• Inchaço abdominal
• Gases excessivos
• Dor abdominal
• Diarreia ou obstipação
• Desconforto digestivo frequente

Com um diagnóstico correto, é possível iniciar o tratamento adequado e melhorar a sua saúde digestiva.

📞 Entre em contacto connosco para o agendamento.

Cuidados especializados, cuidados de confiança

Endereço: Av. Ahmed Sekou Touré, Num. 754
Telefone: 84/82 15 30 305
Email: cdiagnosticomaputo@gmail.com

#saudedigestiva #airtest #consultas #Maputo #CDA","saudedigestiva, airtest, consultas, maputo, cda","https://scontent-lga3-1.xx.fbcdn.net/v/t39.30808-6/651046111_122254474214177828_5164456577933587545_n.jpg?stp=dst-jpg_tt6&cstp=mx1523x1600&ctp=s590x590&_nc_cat=109&ccb=1-7&_nc_sid=833d8c&_nc_ohc=qI29wxA301MQ7kNvwHegz6q&_nc_oc=AdphYZxBBxkf5J-cbbjwnyY8K4B4MQcHDZrLkq4yITz9NDLai5txsd5TUQSF4uwKlEE&_nc_zt=23&_nc_ht=scontent-lga3-1.xx&_nc_gid=-Q1qYbaV-JVhBZ56-DbR9Q&_nc_ss=72289&oh=00_AQA7nKWgekQmDRPo4nOT8pb-k_zaJOnoHF8WgCgqrKfZpg&oe=6A4CD53E, https://scontent-lga3-2.xx.fbcdn.net/v/t39.30808-6/649368232_122254474268177828_8836327806226187033_n.jpg?stp=dst-jpg_tt6&cstp=mx1477x1600&ctp=s590x590&_nc_cat=105&ccb=1-7&_nc_sid=833d8c&_nc_ohc=imvCeYnpr4cQ7kNvwHkVGx1&_nc_oc=AdpFbroKykOWFsCnXGGxnjjzQscUjc14XKZYMA0IFrTr02GCkhyrosa598bR4bzQj6Q&_nc_zt=23&_nc_ht=scontent-lga3-2.xx&_nc_gid=-Q1qYbaV-JVhBZ56-DbR9Q&_nc_ss=72289&oh=00_AQDkLFCgYcQpRNjFdrfOUhN3oXS5-tpVYeEaG34_puKsZg&oe=6A4CEFCE",0,0,1,
CDA - Centro de Diagnóstico Avançado,facebook,122253879368177828,https://www.facebook.com/CDA.Maputo/posts/pfbid0WoAuYwipiVasvSZ37c9QBpoGSm148YNg7hjxszopXgXAjJMnGXZG6oE3E1BiRNHFl,2026-03-07T07:00:28.000Z,"Março Lilás: Um lembrete para colocar a sua saúde em primeiro lugar.

A prevenção contra o cancro do colo do útero começa com a informação e o diagnóstico precoce. Não deixe para depois o exame que pode mudar o seu futuro. Nossa equipa está pronta para acolher você com o cuidado e a discrição que você merece.

Cuide de você, inspire outras mulheres!

Agende agora o rastreio completo.

Endereço: Av. Ahmed Sekou Touré, Num. 754
Telefone: 84/82 15 30 305
Email: cdiagnosticomaputo@gmail.com

#rastreiocancro #coloutero #consultas #Maputo #CDA","rastreiocancro, coloutero, consultas, maputo, cda",https://scontent-lga3-3.xx.fbcdn.net/v/t39.30808-6/646539136_122253879344177828_3070267415666000645_n.jpg?stp=dst-jpg_tt6&cstp=mx1128x1600&ctp=s720x720&_nc_cat=108&ccb=1-7&_nc_sid=833d8c&_nc_ohc=kuE3wNWzOv0Q7kNvwFproDm&_nc_oc=AdoogKS76tcgA5ubtYVItUGJxe09xERPIHggKWZn5hX5PRI1mimDKEio-2ajlf0LfoA&_nc_zt=23&_nc_ht=scontent-lga3-3.xx&_nc_gid=-Q1qYbaV-JVhBZ56-DbR9Q&_nc_ss=72289&oh=00_AQAMQY1FmC0AckhgQw2PMdgfsxLuIdard0LPAHU6-PAiRg&oe=6A4CFC4A,1,0,0,
CDA - Centro de Diagnóstico Avançado,facebook,122253242300177828,https://www.facebook.com/CDA.Maputo/posts/pfbid02pWHqvaTvm6tJXBBgqJrUawrTt23zK8oAPmLZHLv7gyKhFZPQo4UmTZY4ShHnHAail,2026-03-02T14:49:05.000Z,"CDA - Ecografias 3D

Descubra cada detalhe com as nossas ecografias 3D de última geração. Imagens nítidas, segurança total e um atendimento que coloca o seu bem-estar em primeiro lugar.

A sua saúde merece o melhor. Agende já!

Cuidados especializados, cuidados de confiança

Endereço: Av. Ahmed Sekou Touré, Num. 754
Telefone: 84/82 15 30 305
Email: cdiagnosticomaputo@gmail.com

#ecografias #consultas #Maputo #CDA","ecografias, consultas, maputo, cda",https://scontent-lga3-1.xx.fbcdn.net/v/t39.30808-6/646361781_122253242276177828_81516205771757548_n.jpg?stp=dst-jpg_tt6&cstp=mx1694x2048&ctp=p526x296&_nc_cat=103&ccb=1-7&_nc_sid=833d8c&_nc_ohc=Ha25k-SEgBwQ7kNvwGV6jm5&_nc_oc=Adqcb3Rkp8aUHWdlApkUDKUbtZlyyuEe3Gu87kY7PyaJzevZPeM3YThDJZWzi-Xo6Yo&_nc_zt=23&_nc_ht=scontent-lga3-1.xx&_nc_gid=-Q1qYbaV-JVhBZ56-DbR9Q&_nc_ss=72289&oh=00_AQC9rD3rjQ4WLCOD_c6o82nV-Ou1pvluxcmQ10UhDyk-Ig&oe=6A4CED4B,0,0,0,
CDA - Centro de Diagnóstico Avançado,facebook,122251480268177828,https://www.facebook.com/CDA.Maputo/posts/pfbid02YgGiwRScZhmq45Rr3mWAZUFc7YQfYcruYLYo5FEu6HdL6YcSFGiz8j155X5jy78pl,2026-02-17T15:11:35.000Z,"CDA - Serviços de Laboratório 

Na nossa clínica realizamos uma ampla variedade de testes laboratoriais com precisão e segurança. Mantenha a sua saúde sob controlo.

Visite-nos hoje!

Cuidados especializados, cuidados de confiança

Endereço: Av. Ahmed Sekou Touré, Num. 754
Telefone: 84/82 15 30 305
Email: cdiagnosticomaputo@gmail.com

#analisesclinicas #exameslaboratoriais #consultas #Maputo #CDA","analisesclinicas, exameslaboratoriais, consultas, maputo, cda","https://scontent-lga3-1.xx.fbcdn.net/v/t39.30808-6/636965618_122251480280177828_5723259932123611852_n.jpg?stp=dst-jpg_tt6&cstp=mx1694x2048&ctp=s590x590&_nc_cat=109&ccb=1-7&_nc_sid=833d8c&_nc_ohc=nA8tPRQvnGgQ7kNvwF5ixrh&_nc_oc=Ado5UkDm7JkAEUr68FJ6CD0cp8iX8Jc8l5tZ2WyCxzyyn51DEwt2PqFkqbm41ExEfDc&_nc_zt=23&_nc_ht=scontent-lga3-1.xx&_nc_gid=J8FXwOk0yDKqZvWc9jIisQ&_nc_ss=72289&oh=00_AQD0eyxqlcaqSr0bqYZtDfkSV4mUqrei8e5HEYQfUOMpmQ&oe=6A4CD772, https://scontent-lga3-2.xx.fbcdn.net/v/t39.30808-6/637041606_122251480304177828_2886533617038028626_n.jpg?stp=dst-jpg_tt6&cstp=mx1694x2048&ctp=s590x590&_nc_cat=100&ccb=1-7&_nc_sid=833d8c&_nc_ohc=xatcBHn1tqUQ7kNvwHiYpn8&_nc_oc=AdqKNZgOd51R9lTs3IIDCR3ODyUpoB9CenRrXNkE9uFHTIH7sr3QxNL7VB0FupZNE1U&_nc_zt=23&_nc_ht=scontent-lga3-2.xx&_nc_gid=J8FXwOk0yDKqZvWc9jIisQ&_nc_ss=72289&oh=00_AQBfo1WmKzmsm9RKeCs530b1Ir3EhCxe5W21RaiA0bkMtQ&oe=6A4CE4A0",0,0,0,
CDA - Centro de Diagnóstico Avançado,facebook,122237703218177828,https://www.facebook.com/CDA.Maputo/posts/pfbid02GGixZaSHgVzxgwFHnKURMwESeEE19YbLj5Ug16wudw3dog75Dm3BkFDtLuz5Nz48l,2025-11-04T17:47:19.000Z,Promoção prolongada até 30 de Novembro de 2025,,https://scontent-lga3-3.xx.fbcdn.net/v/t39.30808-6/576797456_122237703230177828_7759019479268009555_n.jpg?stp=dst-jpg_tt6&cstp=mx1694x2048&ctp=p526x296&_nc_cat=108&ccb=1-7&_nc_sid=833d8c&_nc_ohc=WrfI3smeOckQ7kNvwF9uZI7&_nc_oc=AdrKMJktWzDY2SN73xv6ZItT_mZXaiZwBOhX0g6-LRKMZ66YxASzjMgUewfEXCCK1L0&_nc_zt=23&_nc_ht=scontent-lga3-3.xx&_nc_gid=J8FXwOk0yDKqZvWc9jIisQ&_nc_ss=72289&oh=00_AQCfI8pgVP6k4jfgDM8J-1TvZW6h4ouQ3jK2s-n8-M7DUQ&oe=6A4D0054,0,0,1,
CDA - Centro de Diagnóstico Avançado,facebook,122237278100177828,https://www.facebook.com/CDA.Maputo/posts/pfbid02gru5Ayt3RHw5YGiyLhRze7k4mjH3fSVchKLubwvhGWTRoWT1UHFAqoQGkw6TZcx4l,2025-11-01T13:03:08.000Z,"💙 Novembro Azul na nossa clínica!

Cuide-se, previna-se e aproveite as ofertas exclusivas deste mês - apenas para homens!

Contacte-nos e agende já a sua consulta.

#NovembroAzul #saúdemasculina #autocuidado #centrodediagnosticomedico #analisesclinicas #exameslaboratoriais #consultas #Moçambique #Maputo #CDA","novembroazul, sa%C3%BAdemasculina, autocuidado, centrodediagnosticomedico, analisesclinicas, exameslaboratoriais, consultas, mo%C3%A7ambique, maputo, cda",https://scontent-lga3-3.xx.fbcdn.net/v/t39.30808-6/572159115_122237278118177828_2304186429702605329_n.jpg?stp=dst-jpg_tt6&cstp=mx1694x2048&ctp=p526x296&_nc_cat=102&ccb=1-7&_nc_sid=833d8c&_nc_ohc=EgX_4BCbWdQQ7kNvwGAmB_V&_nc_oc=Adp57r_hPwKzu1uvlyHxbAmJDN2GtvnIKJQP7eisDUeq3sM0WbaRNvArgg-OGL0uT1U&_nc_zt=23&_nc_ht=scontent-lga3-3.xx&_nc_gid=J8FXwOk0yDKqZvWc9jIisQ&_nc_ss=72289&oh=00_AQCf9BGr1g7cG6u8TVq1K1YnjB7uhWy9_KxODbBomD9UAw&oe=6A4CD522,27,2,1,[object Object]
CDA - Centro de Diagnóstico Avançado,facebook,122235069806177828,https://www.facebook.com/CDA.Maputo/posts/pfbid0c45xLnwaj2tiytEUVGWALsnbfshTRTqvzWR8e1nDZt8cb9LHBHX1A9MGZpk1JgFTl,2025-10-15T09:54:07.000Z,"Desconto de 15% no procedimento Core Biópsia

Aproveite, faça a marcação connosco!

Cuidados especializados, cuidados de confiança

Endereço: Av. Ahmed Sekou Touré, Num. 754
Telefone: 84/82 15 30 305
Email: cdiagnosticomaputo@gmail.com

#corebiopsia #centrodediagnosticomedico #analisesclinicas #exameslaboratoriais #consultas #Moçambique #Maputo #CDA","corebiopsia, centrodediagnosticomedico, analisesclinicas, exameslaboratoriais, consultas, mo%C3%A7ambique, maputo, cda",https://scontent-atl3-2.xx.fbcdn.net/v/t39.30808-6/561738543_122235069824177828_4393124024575300037_n.jpg?stp=dst-jpg_tt6&cstp=mx1694x2048&ctp=p526x296&_nc_cat=101&ccb=1-7&_nc_sid=833d8c&_nc_ohc=ME1jzP6EoV8Q7kNvwGyeXXb&_nc_oc=AdqFem8T74BYsRyPTKVIpTLK7RuK_jMHX95ZyyHvNYzSbaw7RbYtov0dgsxYyQF1Qr4&_nc_zt=23&_nc_ht=scontent-atl3-2.xx&_nc_gid=KRB1ltlnPm86baOygYfrUg&_nc_ss=72289&oh=00_AQAaOEV5Ct-w7LyDNchyp-uvjBOE5-z2Y_hkBbY75FizGQ&oe=6A4CFD43,0,0,0,
CDA - Centro de Diagnóstico Avançado,facebook,122233573922177828,https://www.facebook.com/CDA.Maputo/posts/pfbid0n8grVg3AHWEmsaVL4dr31dLcMFngc5bSJbzKxa5QYAUHqZ1feqTRyRaJBdmYAtQ1l,2025-10-04T06:15:33.000Z,"Feliz dia da Paz e da Reconciliação Nacional!

#feriado #analisesclinicas #exameslaboratoriais #consultas #Moçambique #Maputo #CDA","feriado, analisesclinicas, exameslaboratoriais, consultas, mo%C3%A7ambique, maputo, cda",https://scontent-atl3-1.xx.fbcdn.net/v/t39.30808-6/558943819_122233573946177828_6750096778185529706_n.jpg?stp=dst-jpg_tt6&cstp=mx1715x2048&ctp=s600x600&_nc_cat=100&ccb=1-7&_nc_sid=833d8c&_nc_ohc=T5zY1cwmuOkQ7kNvwEsU4pw&_nc_oc=Adog6VUO_pINUjg6Np5Gjx_wFgKcdg9DIGq11HnL56hI4mbc7AdX8Woyc4D8Du8VFqs&_nc_zt=23&_nc_ht=scontent-atl3-1.xx&_nc_gid=KRB1ltlnPm86baOygYfrUg&_nc_ss=72289&oh=00_AQDYxmMavCa7jpYO9EyUe_H5rDLWVyt-zfuYik0DF5ZZ2g&oe=6A4CF813,1,0,0,
Centro de Diagnóstico Avançado,instagram,3453289547471936040,https://www.instagram.com/p/C_sjIwPoloo/,2024-09-09T12:16:55.000Z,"CDA Serviços Gerais

📌Cuidados Especializados, Cuidados de Confiança.

Faça sua marcação:
84/82 1530 305",,https://scontent-lax3-1.cdninstagram.com/v/t51.82787-15/623245942_18132686794502248_2068441358566400941_n.jpg?stp=dst-jpg_e35_s1080x1080_sh2.08_tt6&_nc_ht=scontent-lax3-1.cdninstagram.com&_nc_cat=104&_nc_oc=Q6cZ2gFc4WJ6bv2tsbDW_79u_GhM5rZhNV-9d4wHJSpxl8wnMiPcOabGZTMILp0jsVcwPHA&_nc_ohc=INDK05ABS_EQ7kNvwHFqMMC&_nc_gid=xH4R5c_T-rSKGN4EI8PADA&edm=APU89FABAAAA&ccb=7-5&oh=00_AQBNIUeHn_OwHSXioWYZY2xkPHFgdnmMhCq4oZhluNXcsQ&oe=6A4D322B&_nc_sid=bc0c2c,12,0,0,
Centro de Diagnóstico Avançado,instagram,3454214342262842306,https://www.instagram.com/p/C_v1aSgouPC/,2024-09-10T18:54:19.000Z,"Fale connosco pelos seguintes meios:
📞84/82 1530 305
✉cdiagnosticomaputo@gmail.com",,https://scontent-lax3-2.cdninstagram.com/v/t51.82787-15/626333091_18071378210160336_3360525543804753647_n.jpg?stp=dst-jpg_e35_s1080x1080_sh2.08_tt6&_nc_ht=scontent-lax3-2.cdninstagram.com&_nc_cat=100&_nc_oc=Q6cZ2gFc4WJ6bv2tsbDW_79u_GhM5rZhNV-9d4wHJSpxl8wnMiPcOabGZTMILp0jsVcwPHA&_nc_ohc=UtiuOSS6yIEQ7kNvwGXgiV6&_nc_gid=xH4R5c_T-rSKGN4EI8PADA&edm=APU89FABAAAA&ccb=7-5&oh=00_AQAf8wIupcpMZBCVLQkUPAsZ4kEFDpCHd4SSqkiVU_DKOg&oe=6A4D5B1B&_nc_sid=bc0c2c,8,0,0,
Centro de Diagnóstico Avançado,instagram,3927274036106060670,https://www.instagram.com/p/DaAeu2ht2N-/,2026-06-25T11:39:31.000Z,"25 de Junho – Dia da Independência de Moçambique

Hoje celebramos a coragem, a determinação e o espírito de um povo que construiu a sua própria história. Que esta data nos inspire a continuar a trabalhar por um Moçambique cada vez mais forte, unido e próspero.

O CDA – Centro de Diagnóstico Avançado deseja a todos os moçambicanos um Feliz Dia da Independência, repleto de paz, saúde, esperança e conquistas.

📍 Av. Ahmed Sekou Touré, Nº 754
📞 84/82 1530 305
📧 cdiagnosticomaputo@gmail.com",,https://scontent-lax3-2.cdninstagram.com/v/t51.82787-15/729919937_17956888176168678_1602532860808547785_n.heic?stp=dst-jpg_e35_p1080x1080_sh2.08_tt6&_nc_ht=scontent-lax3-2.cdninstagram.com&_nc_cat=106&_nc_oc=Q6cZ2gFc4WJ6bv2tsbDW_79u_GhM5rZhNV-9d4wHJSpxl8wnMiPcOabGZTMILp0jsVcwPHA&_nc_ohc=7BSZ14XiKz0Q7kNvwFzZxU1&_nc_gid=xH4R5c_T-rSKGN4EI8PADA&edm=APU89FABAAAA&ccb=7-5&oh=00_AQB15_2k9C4gmzcdQ2TRF7iFMkPpLymQNe27efaJZkFR-A&oe=6A4D5113&_nc_sid=bc0c2c,0,0,0,
Centro de Diagnóstico Avançado,instagram,3920919037331526406,https://www.instagram.com/p/DZp5xctNlMG/,2026-06-16T17:13:17.000Z,"Feliz Dia da Criança Africana! 💚

Hoje celebramos a força, a alegria, a esperança e os sonhos das crianças africanas. Cada criança merece crescer com amor, educação, saúde e oportunidades para construir um futuro melhor.

Que este dia nos inspire a proteger os direitos das crianças e a investir no seu desenvolvimento, pois elas são a riqueza mais valiosa do nosso continente.

✨ Uma criança feliz hoje é uma África mais forte amanhã.",,https://scontent-lax3-2.cdninstagram.com/v/t51.82787-15/724442414_17955484905168678_6905203947160387902_n.heic?stp=dst-jpg_e35_p1080x1080_sh2.08_tt6&_nc_ht=scontent-lax3-2.cdninstagram.com&_nc_cat=106&_nc_oc=Q6cZ2gFc4WJ6bv2tsbDW_79u_GhM5rZhNV-9d4wHJSpxl8wnMiPcOabGZTMILp0jsVcwPHA&_nc_ohc=cyW_JoKHbuIQ7kNvwH7Z1oT&_nc_gid=xH4R5c_T-rSKGN4EI8PADA&edm=APU89FABAAAA&ccb=7-5&oh=00_AQB1mCuXbVlLWpq1XSeRacYH4pQI_dfRywlwRC6PNCOg-w&oe=6A4D56D1&_nc_sid=bc0c2c,0,0,0,
Centro de Diagnóstico Avançado,instagram,3913342045753136085,https://www.instagram.com/p/DZO-9tZt1PV/,2026-06-06T06:19:09.000Z,"O COLESTEROL ALTO PODE NÃO DAR SINAIS!

Mesmo sem sintomas, o colesterol elevado pode bloquear as artérias e aumentar o risco de problemas cardíacos e AVC.

✅ Faça exames regularmente
✅ Monitore sua saúde com precisão
✅ Previna complicações futuras
✅ Atendimento rápido e confiável

🩺 Cuidar hoje é evitar problemas amanhã. Não espere os sintomas aparecerem!

📞 Agende já o seu exame: 84/82 1530 305
📧 cdiagnosticomaputo@gmail.com
📍 Av. Ahmed Sekou Toure, N754 – Maputo

#colesterol #exameslaboratoriais #consultas #Maputo #CDA","colesterol, exameslaboratoriais, consultas, Maputo, CDA",https://scontent-lax3-2.cdninstagram.com/v/t51.82787-15/719032686_17953908735168678_6030039002916202460_n.heic?stp=dst-jpg_e35_p1080x1080_sh2.08_tt6&_nc_ht=scontent-lax3-2.cdninstagram.com&_nc_cat=106&_nc_oc=Q6cZ2gFc4WJ6bv2tsbDW_79u_GhM5rZhNV-9d4wHJSpxl8wnMiPcOabGZTMILp0jsVcwPHA&_nc_ohc=TfO3nji1kqgQ7kNvwGJ_orr&_nc_gid=xH4R5c_T-rSKGN4EI8PADA&edm=APU89FABAAAA&ccb=7-5&oh=00_AQDYVDKWd9hQt0GJIhxrYjcrjg8_CG0XtfoTiinBhDrXUA&oe=6A4D6082&_nc_sid=bc0c2c,0,0,0,
Centro de Diagnóstico Avançado,instagram,3909823720171257857,https://www.instagram.com/p/DZCe_VXNEAB/,2026-06-01T09:48:52.000Z,"FELIZ DIA DAS CRIANÇAS! 🎈

Cada sorriso, cada brincadeira e cada sonho representam a esperança de um futuro melhor. Neste Dia das Crianças, celebramos a alegria, a inocência e a força que tornam cada criança especial.

💙 Cuidar de uma criança é cuidar do amanhã.

O CDA – Centro de Diagnóstico Avançado deseja um dia repleto de felicidade, saúde e momentos inesquecíveis para todas as crianças e suas famílias.

📞 84/82 1530 305
📍 Av. Ahmed Sekou Touré, N° 754
📧 cdiagnosticomaputo@gmail.com",,https://scontent-lax3-2.cdninstagram.com/v/t51.82787-15/712623876_17953182816168678_3920011515511863190_n.heic?stp=dst-jpg_e35_p1080x1080_sh2.08_tt6&_nc_ht=scontent-lax3-2.cdninstagram.com&_nc_cat=106&_nc_oc=Q6cZ2gFc4WJ6bv2tsbDW_79u_GhM5rZhNV-9d4wHJSpxl8wnMiPcOabGZTMILp0jsVcwPHA&_nc_ohc=qOQ77CEWx6UQ7kNvwFf_53J&_nc_gid=xH4R5c_T-rSKGN4EI8PADA&edm=APU89FABAAAA&ccb=7-5&oh=00_AQCbCzmgZEDOnc0mwmPCChvsyOa53nJhJtHzfT3bRetK2Q&oe=6A4D408E&_nc_sid=bc0c2c,0,0,0,
Centro de Diagnóstico Avançado,instagram,3908294407038983190,https://www.instagram.com/p/DY9DQ5hNFwW/,2026-05-30T07:10:23.000Z,"DIABETES PODEM SURGIR EM SILÊNCIO!

Sede excessiva, cansaço constante, perda de peso e visão turva podem ser sinais de alerta. Não espere os sintomas piorarem para cuidar da sua saúde.

✅ Faça o teste de diabetes regularmente
✅ Previna complicações nos rins, coração e visão
✅ Diagnóstico rápido e confiável
✅ Atendimento profissional e seguro

🩺 Detectar cedo pode salvar a sua saúde e melhorar a sua qualidade de vida.

📞 Marque já o seu exame: 84/82 1530 305
📧 cdiagnosticomaputo@gmail.com
📍 Av. Ahmed Sekou Toure, N754 – Maputo

#diabetes #exameslaboratoriais #consultas #Maputo #CDA","diabetes, exameslaboratoriais, consultas, Maputo, CDA",https://scontent-lax3-2.cdninstagram.com/v/t51.82787-15/711761290_17952837837168678_4381074576187300036_n.heic?stp=dst-jpg_e35_p1080x1080_sh2.08_tt6&_nc_ht=scontent-lax3-2.cdninstagram.com&_nc_cat=106&_nc_oc=Q6cZ2gFc4WJ6bv2tsbDW_79u_GhM5rZhNV-9d4wHJSpxl8wnMiPcOabGZTMILp0jsVcwPHA&_nc_ohc=wiz5xNREEO4Q7kNvwEcSdyv&_nc_gid=xH4R5c_T-rSKGN4EI8PADA&edm=APU89FABAAAA&ccb=7-5&oh=00_AQAIhYuHvyguSxkaAHyqqwwdEX0-M8ClfU0NAa5DCDbDAA&oe=6A4D42B8&_nc_sid=bc0c2c,0,0,0,
Centro de Diagnóstico Avançado,instagram,3906278699362965084,https://www.instagram.com/p/DY148fdNFZc/,2026-05-27T12:25:32.000Z,"HIPERTENSÃO: O INIMIGO SILENCIOSO!

Muitas pessoas vivem com pressão alta sem saber… e quando os sintomas aparecem, os riscos podem ser graves.

⚠️ A hipertensão pode causar:
❌ AVC
❌ Problemas cardíacos
❌ Danos nos rins
❌ Complicações graves de saúde

✅ Faça os seus exames regularmente
✅ Controle a sua pressão arterial
✅ Cuide da sua saúde antes que seja tarde

📞 Marque já a sua consulta: 84/82 1530 305
📧 cdiagnosticomaputo@gmail.com
📍 Av. Ahmed Sekou Toure, N754 – Maputo

#hipertensao #exameslaboratoriais #consultas #Maputo #CDA","hipertensao, exameslaboratoriais, consultas, Maputo, CDA",https://scontent-lax3-2.cdninstagram.com/v/t51.82787-15/707523174_17952393867168678_532376973272705523_n.heic?stp=dst-jpg_e35_p1080x1080_sh2.08_tt6&_nc_ht=scontent-lax3-2.cdninstagram.com&_nc_cat=106&_nc_oc=Q6cZ2gFc4WJ6bv2tsbDW_79u_GhM5rZhNV-9d4wHJSpxl8wnMiPcOabGZTMILp0jsVcwPHA&_nc_ohc=7rWvfbLu5qIQ7kNvwEDJbhk&_nc_gid=xH4R5c_T-rSKGN4EI8PADA&edm=APU89FABAAAA&ccb=7-5&oh=00_AQDfKl3t5A7VaTEXc0UrMBdRJrN-VN0gvyzTFO_X-hB7-A&oe=6A4D5ED7&_nc_sid=bc0c2c,0,0,0,
Centro de Diagnóstico Avançado,instagram,3904978741695535436,https://www.instagram.com/p/DYxRXniNtlM/,2026-05-25T17:22:45.000Z,"NÃO IGNORE OS SINAIS DO SEU CORPO!

Ardor ao urinar? Dor nos rins? Urina com cheiro forte ou cor diferente?

Faça já o seu EXAME COMPLETO DE URINA e descubra possíveis infecções e problemas renais antes que se agravem.

✅ Atendimento rápido
✅ Resultados confiáveis
✅ Profissionais qualificados
✅ Ambiente seguro e moderno

📞 CONTACTE-NOS: 84/82 1530 305
📧 cdiagnosticomaputo@gmail.com
📍 Av. Ahmed Sekou Toure, N754 – Maputo

#urina #exameslaboratoriais #consultas #Maputo #CDA","urina, exameslaboratoriais, consultas, Maputo, CDA",https://scontent-lax3-2.cdninstagram.com/v/t51.82787-15/707561420_17952131142168678_154306912949103879_n.heic?stp=dst-jpg_e35_p1080x1080_sh2.08_tt6&_nc_ht=scontent-lax3-2.cdninstagram.com&_nc_cat=106&_nc_oc=Q6cZ2gFc4WJ6bv2tsbDW_79u_GhM5rZhNV-9d4wHJSpxl8wnMiPcOabGZTMILp0jsVcwPHA&_nc_ohc=jlZocwitZ3IQ7kNvwG1xJ0U&_nc_gid=xH4R5c_T-rSKGN4EI8PADA&edm=APU89FABAAAA&ccb=7-5&oh=00_AQAfK_2z0EllcylJG8nAoF5Lai9GMUyzlM75iCSjVo-IuA&oe=6A4D47C3&_nc_sid=bc0c2c,0,0,0,
Centro de Diagnóstico Avançado,instagram,3887451964133171798,https://www.instagram.com/p/DXzAPb7jWJW/,2026-05-01T13:00:10.000Z,"Feliz dia do Trabalhador!

#feriado #analisesclinicas #exameslaboratoriais #consultas #Moçambique Maputo CDA","feriado, analisesclinicas, exameslaboratoriais, consultas, Moçambique",https://scontent-lax3-2.cdninstagram.com/v/t51.82787-15/684369149_17948406858168678_2792381219782011809_n.heic?stp=dst-jpg_e35_p1080x1080_sh2.08_tt6&_nc_ht=scontent-lax3-2.cdninstagram.com&_nc_cat=106&_nc_oc=Q6cZ2gFc4WJ6bv2tsbDW_79u_GhM5rZhNV-9d4wHJSpxl8wnMiPcOabGZTMILp0jsVcwPHA&_nc_ohc=YvzZTpqdRdwQ7kNvwEmz-KR&_nc_gid=xH4R5c_T-rSKGN4EI8PADA&edm=APU89FABAAAA&ccb=7-5&oh=00_AQACDENDATvuaUhCwbAwKFuaElETIljPQaV6LvxV6Lag1g&oe=6A4D4D1E&_nc_sid=bc0c2c,0,0,0,
Centro de Diagnóstico Avançado,instagram,3869944875760580367,https://www.instagram.com/p/DW0zlxUDXcP/,2026-04-07T09:16:43.000Z,"Investir na saúde da mulher é garantir a vitalidade de toda a nação. Neste 7 de Abril, celebramos a vida e a resiliência de todas as moçambicanas 🇲🇿🌻✨

#mulhermocambicana #saude #Maputo #CDA","mulhermocambicana, saude, Maputo, CDA",https://scontent-lax3-2.cdninstagram.com/v/t51.82787-15/662113907_17944739886168678_2045589924708788788_n.heic?stp=dst-jpg_e35_p1080x1080_sh2.08_tt6&_nc_ht=scontent-lax3-2.cdninstagram.com&_nc_cat=106&_nc_oc=Q6cZ2gFc4WJ6bv2tsbDW_79u_GhM5rZhNV-9d4wHJSpxl8wnMiPcOabGZTMILp0jsVcwPHA&_nc_ohc=-5Pi5Hhc-xcQ7kNvwEI-Eso&_nc_gid=xH4R5c_T-rSKGN4EI8PADA&edm=APU89FABAAAA&ccb=7-5&oh=00_AQAKCNuIWlGWyVqpX2JckJvaymfz-sAb7FTVqQRv_zkfTA&oe=6A4D61F4&_nc_sid=bc0c2c,0,0,0,
Centro de Diagnóstico Avançado,instagram,3862929223665424446,https://www.instagram.com/p/DWb4amJDZg-/,2026-03-28T16:57:52.000Z,"Feliz Dia do Médico!

Hoje celebramos aqueles que dedicam suas vidas a cuidar, salvar e trazer esperança todos os dias.

Ser médico é mais do que uma profissão — é uma missão de amor, compromisso e humanidade.

A todos os médicos, o nosso profundo respeito e gratidão pelo vosso trabalho incansável.

#diadomedico #doctorsday #saude #Maputo #CDA","diadomedico, doctorsday, saude, Maputo, CDA",https://scontent-lax3-2.cdninstagram.com/v/t51.82787-15/657239907_17943283650168678_5899916553278436604_n.heic?stp=dst-jpg_e35_p1080x1080_sh2.08_tt6&_nc_ht=scontent-lax3-2.cdninstagram.com&_nc_cat=106&_nc_oc=Q6cZ2gFc4WJ6bv2tsbDW_79u_GhM5rZhNV-9d4wHJSpxl8wnMiPcOabGZTMILp0jsVcwPHA&_nc_ohc=qJD0l6Ef82AQ7kNvwHC0Mr8&_nc_gid=xH4R5c_T-rSKGN4EI8PADA&edm=APU89FABAAAA&ccb=7-5&oh=00_AQCEqMRT9xcNFlbIsTc5xhgfRuKKyssCO5AROll2HjO6pQ&oe=6A4D5D85&_nc_sid=bc0c2c,1,0,0,
Centro de Diagnóstico Avançado,instagram,3856869295779673841,https://www.instagram.com/p/DWGWjCgDvbx/,2026-03-20T08:17:53.000Z,"✨ Neste Eid-ul-Fitr, o CDA deseja à comunidade muçulmana em todo o país votos de paz, bênçãos e prosperidade.

Após um período de fé, reflexão e disciplina, que esta celebração fortaleça a união, a solidariedade e renove os valores espirituais.

Reafirmamos o nosso compromisso com a saúde e o bem-estar completo, valorizando o equilíbrio entre corpo, mente e espírito.

Que este Eid traga esperança, harmonia e tranquilidade a todos os lares.

Eid Mubarak a todos os que caminham connosco: pacientes, equipa, parceiros e à comunidade islâmica em geral !

#Eid #alegria #celebração #Maputo #CDA","Eid, alegria, celebração, Maputo, CDA",https://scontent-ord5-1.cdninstagram.com/v/t51.82787-15/654304369_17941874721168678_7565677630846811734_n.heic?stp=dst-jpg_e35_p1080x1080_sh2.08_tt6&_nc_ht=scontent-ord5-1.cdninstagram.com&_nc_cat=106&_nc_oc=Q6cZ2gH3_W7y_efbxplhjP6TURA21Qd1foMWiZhI1VPEPZMPtcSq712q2TwtdoeZAQ8i12Q&_nc_ohc=sdo8lL6YfycQ7kNvwG8HJU5&_nc_gid=MkNzWvz_dk5oYQC1DXen_g&edm=APU89FABAAAA&ccb=7-5&oh=00_AQCi1hKL5bEtYw2TfdNajrjLsx-MnahgihaobulOzaytgQ&oe=6A4D367D&_nc_sid=bc0c2c,0,0,0,
Centro de Diagnóstico Avançado,instagram,3855558350855825464,https://www.instagram.com/p/DWBseR5jWg4/,2026-03-18T12:53:16.000Z,"No CDA, a sua experiência em Ressonância Magnética atinge um novo nível.  Tecnologia de ponta para garantir máximo conforto, silêncio e tranquilidade em cada exame.

Estamos prontos para cuidar de si. Faça já a sua marcação!

Cuidados especializados, cuidados de confiança

Endereço: Av. Ahmed Sekou Touré, Num. 754
Telefone: 84/82 15 30 305
Email: cdiagnosticomaputo@gmail.com

#ressonanciamagnetica #exames #consultas #Maputo #CDA","ressonanciamagnetica, exames, consultas, Maputo, CDA",https://scontent-ord5-1.cdninstagram.com/v/t51.82787-15/654017276_17941566837168678_8023603223547118670_n.heic?stp=dst-jpg_e35_p1080x1080_sh2.08_tt6&_nc_ht=scontent-ord5-1.cdninstagram.com&_nc_cat=106&_nc_oc=Q6cZ2gH3_W7y_efbxplhjP6TURA21Qd1foMWiZhI1VPEPZMPtcSq712q2TwtdoeZAQ8i12Q&_nc_ohc=HTbl7NmsLTYQ7kNvwEDei5J&_nc_gid=MkNzWvz_dk5oYQC1DXen_g&edm=APU89FABAAAA&ccb=7-5&oh=00_AQDfnfHkyNtrciX8w9hnIXvjP-h0hacagPyuVSNwmaPGMw&oe=6A4D48B2&_nc_sid=bc0c2c,1,0,0,
Centro de Diagnóstico Avançado,instagram,3850623478286280539,https://www.instagram.com/p/DVwKabrCGdb/,2026-03-11T17:28:30.000Z,"AIRTEST - este teste pode ajudar a investigar sintomas como:
• Inchaço abdominal
• Gases excessivos
• Dor abdominal
• Diarreia ou obstipação
• Desconforto digestivo frequente

Com um diagnóstico correto, é possível iniciar o tratamento adequado e melhorar a sua saúde digestiva.

📞 Entre em contacto connosco para o agendamento.

Cuidados especializados, cuidados de confiança

Endereço: Av. Ahmed Sekou Touré, Num. 754
Telefone: 84/82 15 30 305
Email: cdiagnosticomaputo@gmail.com

#saudedigestiva #airtest #consultas #Maputo #CDA","saudedigestiva, airtest, consultas, Maputo, CDA",https://scontent-ord5-1.cdninstagram.com/v/t51.82787-15/649227927_17940515400168678_511766175021939063_n.heic?stp=dst-jpg_e35_p1080x1080_sh2.08_tt6&_nc_ht=scontent-ord5-1.cdninstagram.com&_nc_cat=106&_nc_oc=Q6cZ2gH3_W7y_efbxplhjP6TURA21Qd1foMWiZhI1VPEPZMPtcSq712q2TwtdoeZAQ8i12Q&_nc_ohc=mT4PlQaMXVcQ7kNvwFxQe5x&_nc_gid=MkNzWvz_dk5oYQC1DXen_g&edm=APU89FABAAAA&ccb=7-5&oh=00_AQCn9Av2ypSA93CTX4WRjLLqv4TEsI6hdQPyw4_cD29Z4w&oe=6A4D559D&_nc_sid=bc0c2c,1,0,0,
Centro de Diagnóstico Avançado,instagram,3847407309383663261,https://www.instagram.com/p/DVkvJA-Df6d/,2026-03-07T06:58:35.000Z,"Março Lilás: Um lembrete para colocar a sua saúde em primeiro lugar.

A prevenção contra o cancro do colo do útero começa com a informação e o diagnóstico precoce. Não deixe para depois o exame que pode mudar o seu futuro. Nossa equipa está pronta para acolher você com o cuidado e a discrição que você merece.

Cuide de você, inspire outras mulheres!

Agende agora o rastreio completo.

Endereço: Av. Ahmed Sekou Touré, Num. 754
Telefone: 84/82 15 30 305
Email: cdiagnosticomaputo@gmail.com

#rastreiocancro #coloutero #consultas #Maputo #CDA","rastreiocancro, coloutero, consultas, Maputo, CDA",https://scontent-ord5-1.cdninstagram.com/v/t51.82787-15/649196668_17939805918168678_1991960930660264379_n.heic?stp=dst-jpg_e35_p1080x1080_sh2.08_tt6&_nc_ht=scontent-ord5-1.cdninstagram.com&_nc_cat=106&_nc_oc=Q6cZ2gH3_W7y_efbxplhjP6TURA21Qd1foMWiZhI1VPEPZMPtcSq712q2TwtdoeZAQ8i12Q&_nc_ohc=oF5PeRhF-48Q7kNvwFu6reH&_nc_gid=MkNzWvz_dk5oYQC1DXen_g&edm=APU89FABAAAA&ccb=7-5&oh=00_AQAVxrBbvwsLS5CfOBUXimbffmJChwfmwjIx6CUDsMmI7g&oe=6A4D4070&_nc_sid=bc0c2c,2,0,0,
Centro de Diagnóstico Avançado,instagram,3844018652161353444,https://www.instagram.com/p/DVYspkADabk/,2026-03-02T14:45:56.000Z,"CDA - Ecografias 3D

Descubra cada detalhe com as nossas ecografias 3D de última geração. Imagens nítidas, segurança total e um atendimento que coloca o seu bem-estar em primeiro lugar.

A sua saúde merece o melhor. Agende já!

Cuidados especializados, cuidados de confiança

Endereço: Av. Ahmed Sekou Touré, Num. 754
Telefone: 84/82 15 30 305
Email: cdiagnosticomaputo@gmail.com

#ecografias #consultas #Maputo #CDA","ecografias, consultas, Maputo, CDA",https://scontent-ord5-1.cdninstagram.com/v/t51.82787-15/645708951_17939115294168678_239961155144417435_n.heic?stp=dst-jpg_e35_p1080x1080_sh2.08_tt6&_nc_ht=scontent-ord5-1.cdninstagram.com&_nc_cat=106&_nc_oc=Q6cZ2gH3_W7y_efbxplhjP6TURA21Qd1foMWiZhI1VPEPZMPtcSq712q2TwtdoeZAQ8i12Q&_nc_ohc=DJUiDt648UwQ7kNvwHq-Nhf&_nc_gid=MkNzWvz_dk5oYQC1DXen_g&edm=APU89FABAAAA&ccb=7-5&oh=00_AQDVcrlgX_j-YpDEfhT2OZoLLzu-AT5g7_0ytmbl3Du6bA&oe=6A4D4D36&_nc_sid=bc0c2c,0,0,0,
Centro de Diagnóstico Avançado,instagram,3834606424890892783,https://www.instagram.com/p/DU3QjoRDWHv/,2026-02-17T15:05:29.000Z,"CDA - Serviços de Laboratório 

Na nossa clínica realizamos uma ampla variedade de testes laboratoriais com precisão e segurança. Mantenha a sua saúde sob controlo.

Visite-nos hoje!

Cuidados especializados, cuidados de confiança

Endereço: Av. Ahmed Sekou Touré, Num. 754
Telefone: 84/82 15 30 305
Email: cdiagnosticomaputo@gmail.com

#analisesclinicas #exameslaboratoriais #consultas #Maputo #CDA","analisesclinicas, exameslaboratoriais, consultas, Maputo, CDA",https://scontent-ord5-1.cdninstagram.com/v/t51.82787-15/636690505_17937344904168678_4183840673777200654_n.heic?stp=dst-jpg_e35_p1080x1080_sh2.08_tt6&_nc_ht=scontent-ord5-1.cdninstagram.com&_nc_cat=106&_nc_oc=Q6cZ2gH3_W7y_efbxplhjP6TURA21Qd1foMWiZhI1VPEPZMPtcSq712q2TwtdoeZAQ8i12Q&_nc_ohc=0TJgpg_v71AQ7kNvwGJh0oO&_nc_gid=MkNzWvz_dk5oYQC1DXen_g&edm=APU89FABAAAA&ccb=7-5&oh=00_AQCgXs2lyX7et-TCTK15ecuZEYtu0tZdHkKyJQZUKctcHg&oe=6A4D33B0&_nc_sid=bc0c2c,3,0,0,
Centro de Diagnóstico Avançado,instagram,3756268348276331897,https://www.instagram.com/p/DQg8ilEDdV5/,2025-11-01T13:01:42.000Z,"💙 Novembro Azul na nossa clínica!

Cuide-se, previna-se e aproveite as ofertas exclusivas deste mês - apenas para homens!

Contacte-nos e agende já a sua consulta.

#NovembroAzul #saúdemasculina #autocuidado #centrodediagnosticomedico #analisesclinicas #exameslaboratoriais #consultas #Moçambique #Maputo #CDA","NovembroAzul, saúdemasculina, autocuidado, centrodediagnosticomedico, analisesclinicas, exameslaboratoriais, consultas, Moçambique, Maputo, CDA",https://scontent-ord5-1.cdninstagram.com/v/t51.82787-15/572353570_17925019965168678_7970080959860295008_n.heic?stp=dst-jpg_e35_p1080x1080_sh2.08_tt6&_nc_ht=scontent-ord5-1.cdninstagram.com&_nc_cat=106&_nc_oc=Q6cZ2gH3_W7y_efbxplhjP6TURA21Qd1foMWiZhI1VPEPZMPtcSq712q2TwtdoeZAQ8i12Q&_nc_ohc=j6VP3zWcZUcQ7kNvwHSGmcY&_nc_gid=MkNzWvz_dk5oYQC1DXen_g&edm=APU89FABAAAA&ccb=7-5&oh=00_AQBfzyoPYloX5grq2tzQ1zgSXb6oHjwacIG0vjl6IP5SVg&oe=6A4D54C3&_nc_sid=bc0c2c,32,0,0,
Centro de Diagnóstico Avançado,instagram,3743852022320387456,https://www.instagram.com/p/DP01ZQaCNWA/,2025-10-15T09:52:41.000Z,"Desconto de 15% no procedimento Core Biópsia

Aproveite, faça a marcação connosco!

Cuidados especializados, cuidados de confiança

Endereço: Av. Ahmed Sekou Touré, Num. 754
Telefone: 84/82 15 30 305
Email: cdiagnosticomaputo@gmail.com

#corebiopsia #centrodediagnosticomedico #analisesclinicas #exameslaboratoriais #consultas #Moçambique #Maputo #CDA","corebiopsia, centrodediagnosticomedico, analisesclinicas, exameslaboratoriais, consultas, Moçambique, Maputo, CDA",https://scontent-ord5-1.cdninstagram.com/v/t51.82787-15/564459113_17923210116168678_7362328175470903773_n.heic?stp=dst-jpg_e35_p1080x1080_sh2.08_tt6&_nc_ht=scontent-ord5-1.cdninstagram.com&_nc_cat=106&_nc_oc=Q6cZ2gH3_W7y_efbxplhjP6TURA21Qd1foMWiZhI1VPEPZMPtcSq712q2TwtdoeZAQ8i12Q&_nc_ohc=cETf2JxFrQwQ7kNvwEFYoS_&_nc_gid=MkNzWvz_dk5oYQC1DXen_g&edm=APU89FABAAAA&ccb=7-5&oh=00_AQCJeR7Pl5HUymESAAUqYMEkya0emzna38UxVU8-KATZ_A&oe=6A4D3F65&_nc_sid=bc0c2c,4,0,0,
CDA - Centro de Diagnóstico Avançado,facebook,122267110058177828,https://www.facebook.com/CDA.Maputo/posts/pfbid0hf6VZw2sYyfUDvnShcUpaVq89KGdV81gqZUMr4MJAoHfqsdC66Lz4JAkwxNGJiHMl,2026-06-25T11:42:13.000Z,"25 de Junho – Dia da Independência de Moçambique

Hoje celebramos a coragem, a determinação e o espírito de um povo que construiu a sua própria história. Que esta data nos inspire a continuar a trabalhar por um Moçambique cada vez mais forte, unido e próspero.

O CDA – Centro de Diagnóstico Avançado deseja a todos os moçambicanos um Feliz Dia da Independência, repleto de paz, saúde, esperança e conquistas.

📍 Av. Ahmed Sekou Touré, Nº 754
📞 84/82 1530 305
📧 cdiagnosticomaputo@gmail.com",,https://scontent.faus1-1.fna.fbcdn.net/v/t39.30808-6/731397606_122267110034177828_8866221674086718161_n.jpg?stp=dst-jpg_tt6&cstp=mx1694x2048&ctp=p526x296&_nc_cat=101&ccb=1-7&_nc_sid=833d8c&_nc_ohc=NyCqO_0ZJLoQ7kNvwG5xuSc&_nc_oc=AdqWOJdtOsQlu6Ke1SqiOt6-IG4MexGmTed6Eg4N0NXnHY2XwiwGUzfpi4hK1fzuRnc8S1ud5Sth9r_aft2yQ9S8&_nc_zt=23&_nc_ht=scontent.faus1-1.fna&_nc_gid=WKcZ5SF5OTr0JONnPEeUsQ&_nc_ss=72289&oh=00_AQBR6-7a_dTteiEo2mzxCg3T4RNGRLw0RAHM17nK46vkmw&oe=6A4D575C,1,0,0,
CDA - Centro de Diagnóstico Avançado,facebook,122266190186177828,https://www.facebook.com/CDA.Maputo/posts/pfbid027FF96ac5PN6U9FP342BTus8drAo6aSdcKT1xVq1pzgA85DxBNawB5R8aeX5mMGyl,2026-06-16T17:17:49.000Z,"Feliz Dia da Criança Africana! 💚

Hoje celebramos a força, a alegria, a esperança e os sonhos das crianças africanas. Cada criança merece crescer com amor, educação, saúde e oportunidades para construir um futuro melhor.

Que este dia nos inspire a proteger os direitos das crianças e a investir no seu desenvolvimento, pois elas são a riqueza mais valiosa do nosso continente.

✨ Uma criança feliz hoje é uma África mais forte amanhã.",,https://scontent.faus1-1.fna.fbcdn.net/v/t39.30808-6/724653867_122266190162177828_8813347074726968398_n.jpg?stp=dst-jpg_tt6&cstp=mx1694x2048&ctp=p526x296&_nc_cat=104&ccb=1-7&_nc_sid=833d8c&_nc_ohc=mZ9DLVxpFuoQ7kNvwEM7kcZ&_nc_oc=AdpzjK2F8aJLPimNZDOuwMlTfxctUmQzNBGjzL1qewlfJHWap9AOezxrjkQvWFzrZ3yO3RmSJAOtL-XDh8QyyxG3&_nc_zt=23&_nc_ht=scontent.faus1-1.fna&_nc_gid=WKcZ5SF5OTr0JONnPEeUsQ&_nc_ss=72289&oh=00_AQCXMsDl_y2BQx5WnDDMQtjHrJSXj6IJnSvl42_xKkgWEg&oe=6A4D64D2,0,0,0,
CDA - Centro de Diagnóstico Avançado,facebook,122265037334177828,https://www.facebook.com/CDA.Maputo/posts/pfbid02mHYSCV9WvjNcBEXwUpUu2q2ed76Uo243tifHAuYKgZcNfrnwGiNBhhFxBjKk73Hcl,2026-06-06T06:21:46.000Z,"O COLESTEROL ALTO PODE NÃO DAR SINAIS!

Mesmo sem sintomas, o colesterol elevado pode bloquear as artérias e aumentar o risco de problemas cardíacos e AVC.

✅ Faça exames regularmente
✅ Monitore sua saúde com precisão
✅ Previna complicações futuras
✅ Atendimento rápido e confiável

🩺 Cuidar hoje é evitar problemas amanhã. Não espere os sintomas aparecerem!

📞 Agende já o seu exame: 84/82 1530 305
📧 cdiagnosticomaputo@gmail.com
📍 Av. Ahmed Sekou Toure, N754 – Maputo

#colesterol #exameslaboratoriais #consultas #Maputo #CDA","colesterol, exameslaboratoriais, consultas, maputo, cda",https://scontent.faus1-1.fna.fbcdn.net/v/t39.30808-6/718139569_122265037304177828_5348761618820780545_n.jpg?stp=dst-jpg_tt6&cstp=mx1694x2048&ctp=p526x296&_nc_cat=109&ccb=1-7&_nc_sid=833d8c&_nc_ohc=tUNm8TMZEJ0Q7kNvwFuBhba&_nc_oc=AdrRETcC1Gmel1NEnOSEJCRzyqR13HvH4lNx6U2fuBBd6VX1fO2hNZEXur9sOSVYAswoyPgxSV4ekBQIB1reKkF8&_nc_zt=23&_nc_ht=scontent.faus1-1.fna&_nc_gid=WKcZ5SF5OTr0JONnPEeUsQ&_nc_ss=72289&oh=00_AQA51BDDTW3iuZ8RYMKcHJueM1H5sjMcaAyM51O70fK2vw&oe=6A4D402E,0,0,0,
CDA - Centro de Diagnóstico Avançado,facebook,122264528948177828,https://www.facebook.com/CDA.Maputo/posts/pfbid027Ubx3gRuRoMHZP7fuPX6PEE5XYVMKJEQ1YKYYu3Qusq3CrAhofb3ek11h49mRaUYl,2026-06-01T09:51:08.000Z,"FELIZ DIA DAS CRIANÇAS! 🎈

Cada sorriso, cada brincadeira e cada sonho representam a esperança de um futuro melhor. Neste Dia das Crianças, celebramos a alegria, a inocência e a força que tornam cada criança especial.

💙 Cuidar de uma criança é cuidar do amanhã.

O CDA – Centro de Diagnóstico Avançado deseja um dia repleto de felicidade, saúde e momentos inesquecíveis para todas as crianças e suas famílias.

📞 84/82 1530 305
📍 Av. Ahmed Sekou Touré, N° 754
📧 cdiagnosticomaputo@gmail.com",,https://scontent-hou1-1.xx.fbcdn.net/v/t39.30808-6/711630915_122264528924177828_3137540745489044182_n.jpg?stp=dst-jpg_tt6&cstp=mx1694x2048&ctp=p526x296&_nc_cat=103&ccb=1-7&_nc_sid=833d8c&_nc_ohc=k_Omejh5FZEQ7kNvwG8Luze&_nc_oc=AdqQ-xNfPR04laaZed7zukhUU-1XQuMFRQ2smbw4S_sbHRTWt-_yhFmfeUTa3-APGyw&_nc_zt=23&_nc_ht=scontent-hou1-1.xx&_nc_gid=8c2epOKJcGnU39yYyaRWhw&_nc_ss=72289&oh=00_AQD-R80pyxEDoqOOjcX1Tm8_o6KT1IvWfAysO26ZomUSJw&oe=6A4D3F54,0,0,0,
CDA - Centro de Diagnóstico Avançado,facebook,122264290436177828,https://www.facebook.com/CDA.Maputo/posts/pfbid0s2xjwDcWqHWEk1eL6s88Dph8ybyMYCxTdyNnK1fnWuomSEoYfChHGNZ4GVx7ubTxl,2026-05-30T07:11:45.000Z,"DIABETES PODEM SURGIR EM SILÊNCIO!

Sede excessiva, cansaço constante, perda de peso e visão turva podem ser sinais de alerta. Não espere os sintomas piorarem para cuidar da sua saúde.

✅ Faça o teste de diabetes regularmente
✅ Previna complicações nos rins, coração e visão
✅ Diagnóstico rápido e confiável
✅ Atendimento profissional e seguro

🩺 Detectar cedo pode salvar a sua saúde e melhorar a sua qualidade de vida.

📞 Marque já o seu exame: 84/82 1530 305
📧 cdiagnosticomaputo@gmail.com
📍 Av. Ahmed Sekou Toure, N754 – Maputo

#diabetes #exameslaboratoriais #consultas #Maputo #CDA","diabetes, exameslaboratoriais, consultas, maputo, cda",https://scontent-hou1-1.xx.fbcdn.net/v/t39.30808-6/709101612_122264290406177828_1086124072645286730_n.jpg?stp=dst-jpg_tt6&cstp=mx1694x2048&ctp=p526x296&_nc_cat=104&ccb=1-7&_nc_sid=833d8c&_nc_ohc=U1AHv8sVqnwQ7kNvwFwXL9j&_nc_oc=AdrZsG2MatIrgfkixY2AaBoDP9DbGMoO6Ox8j0R_9SWEQI3soosd1aFLSnIwsVqJQ3c&_nc_zt=23&_nc_ht=scontent-hou1-1.xx&_nc_gid=8c2epOKJcGnU39yYyaRWhw&_nc_ss=72289&oh=00_AQCAnNby1dqdy1AH8B07UqCpeODdCE3KDeLqjkTvzXDchw&oe=6A4D4799,0,0,0,
CDA - Centro de Diagnóstico Avançado,facebook,122264008604177828,https://www.facebook.com/CDA.Maputo/posts/pfbid0W2BFGgQn4rwNDGmcDomvco8RdvyGs6ANkPGE8FSxdWuQak9GQSvw6bpFk7PuGqrkl,2026-05-27T12:27:39.000Z,"HIPERTENSÃO: O INIMIGO SILENCIOSO!

Muitas pessoas vivem com pressão alta sem saber… e quando os sintomas aparecem, os riscos podem ser graves.

⚠️ A hipertensão pode causar:
❌ AVC
❌ Problemas cardíacos
❌ Danos nos rins
❌ Complicações graves de saúde

✅ Faça os seus exames regularmente
✅ Controle a sua pressão arterial
✅ Cuide da sua saúde antes que seja tarde

📞 Marque já a sua consulta: 84/82 1530 305
📧 cdiagnosticomaputo@gmail.com
📍 Av. Ahmed Sekou Toure, N754 – Maputo

#hipertensao #exameslaboratoriais #consultas #Maputo #CDA","hipertensao, exameslaboratoriais, consultas, maputo, cda",https://scontent-hou1-1.xx.fbcdn.net/v/t39.30808-6/708953137_122264008526177828_8855237810891201695_n.jpg?stp=dst-jpg_tt6&cstp=mx1694x2048&ctp=p526x296&_nc_cat=105&ccb=1-7&_nc_sid=833d8c&_nc_ohc=uFH3sPGSuioQ7kNvwGmCv5H&_nc_oc=AdqYxj1wNCMOmShDURx7OSGN4x0Tw5SiCMWtnynwx479h4nWcFHcjFLFczpWKAmWoYE&_nc_zt=23&_nc_ht=scontent-hou1-1.xx&_nc_gid=8c2epOKJcGnU39yYyaRWhw&_nc_ss=72289&oh=00_AQBFxdkq9oLOJlIdrFrK3irOAo_kl4fX03yDMLmyK1EXQQ&oe=6A4D4013,0,0,0,
CDA - Centro de Diagnóstico Avançado,facebook,122263813418177828,https://www.facebook.com/CDA.Maputo/posts/pfbid02K15WCDAPyYf9w2zkFp9jEyx7MXunworTBW6Ff55yzonYyuNpihGereRDFo7FBagql,2026-05-25T17:25:47.000Z,"NÃO IGNORE OS SINAIS DO SEU CORPO!

Ardor ao urinar? Dor nos rins? Urina com cheiro forte ou cor diferente?

Faça já o seu EXAME COMPLETO DE URINA e descubra possíveis infecções e problemas renais antes que se agravem.

✅ Atendimento rápido
✅ Resultados confiáveis
✅ Profissionais qualificados
✅ Ambiente seguro e moderno

📞 CONTACTE-NOS: 84/82 1530 305
📧 cdiagnosticomaputo@gmail.com
📍 Av. Ahmed Sekou Toure, N754 – Maputo

#urina #exameslaboratoriais #consultas #Maputo #CDA","urina, exameslaboratoriais, consultas, maputo, cda",https://scontent-iad6-1.xx.fbcdn.net/v/t39.30808-6/706981983_122263813394177828_7944769672565509882_n.jpg?stp=dst-jpg_tt6&cstp=mx1694x2048&ctp=p526x296&_nc_cat=102&ccb=1-7&_nc_sid=833d8c&_nc_ohc=kyOOGcmkHdsQ7kNvwG6U6Cw&_nc_oc=Adq6zjjNrsGHuN_cq2stDCsdPtYUYG_YmAw6pWcbiAwWxqc3uwEvjgdrj8BgxqjY25s&_nc_zt=23&_nc_ht=scontent-iad6-1.xx&_nc_gid=t68fOyIZHBrqqvK73bPnLw&_nc_ss=72289&oh=00_AQCHsS0QN-OgK_ps35QSLa6m8jCNpuWy4FH6W2ZOTpz7Yw&oe=6A4D33B0,2,0,1,
CDA - Centro de Diagnóstico Avançado,facebook,122260929098177828,https://www.facebook.com/CDA.Maputo/posts/pfbid0EccwATAn9ZJZuCE5bhL4DfVwtrnyz19ykKQVSfL31vgynb6D7Y7KZbFcDQb9jDHtl,2026-05-01T13:02:41.000Z,"Feliz dia do Trabalhador!

#feriado #analisesclinicas #exameslaboratoriais #consultas #Moçambique #Maputo #CDA","feriado, analisesclinicas, exameslaboratoriais, consultas, mo%C3%A7ambique, maputo, cda",https://scontent-iad6-1.xx.fbcdn.net/v/t39.30808-6/685075476_122260929074177828_4592717148378063743_n.jpg?stp=dst-jpg_tt6&cstp=mx1638x2048&ctp=s640x640&_nc_cat=106&ccb=1-7&_nc_sid=833d8c&_nc_ohc=C0DsYTQvkZQQ7kNvwHrjM3t&_nc_oc=AdrVF6kYeUuzuIu__01WOVY838Yb9r3VTwQKQT8M8ru8L5qAxfVbhZegJaYafdHh-Hs&_nc_zt=23&_nc_ht=scontent-iad6-1.xx&_nc_gid=t68fOyIZHBrqqvK73bPnLw&_nc_ss=72289&oh=00_AQDTlb6UCVGJj3739hFkpwRs7oLecLdKWLkRZ8PyE-Z9sw&oe=6A4D632E,0,0,1,
CDA - Centro de Diagnóstico Avançado,facebook,122257874828177828,https://www.facebook.com/CDA.Maputo/posts/pfbid02HSepfdt78L5AXyhkjc6ChvNmr8oHbT7gbjysGVXVqP7eEXNm4BbrLdSF5VS9jCd7l,2026-04-07T09:26:51.000Z,"Investir na saúde da mulher é garantir a vitalidade de toda a nação. Neste 7 de Abril, celebramos a vida e a resiliência de todas as moçambicanas 🇲🇿🌻✨

#mulhermocambicana #saude #Maputo #CDA","mulhermocambicana, saude, maputo, cda",https://scontent-iad6-1.xx.fbcdn.net/v/t39.30808-6/666042437_122257874798177828_7948095424511099692_n.jpg?stp=dst-jpg_tt6&cstp=mx1694x2048&ctp=p526x296&_nc_cat=107&ccb=1-7&_nc_sid=833d8c&_nc_ohc=pdbWzRQf24AQ7kNvwFAtqq_&_nc_oc=AdrKnp79ZWmDnlkmPB-OBJkYdN2acu81NR-LCMU990hGq4iDaEl149Cr6Ab4nxeTSVY&_nc_zt=23&_nc_ht=scontent-iad6-1.xx&_nc_gid=t68fOyIZHBrqqvK73bPnLw&_nc_ss=72289&oh=00_AQBYzqNQJO5mP6qkv4ntyVGxMIdNTiXwzIYR2RNiuntMHQ&oe=6A4D3762,1,0,0,
CDA - Centro de Diagnóstico Avançado,facebook,122256659546177828,https://www.facebook.com/CDA.Maputo/posts/pfbid0Z6dHLc1RBZyTdpHdAtksD2osUq6HgN2BLBaycFXA56huuPRKkrLfU5nNwQo7PTJsl,2026-03-28T17:00:42.000Z,"Feliz Dia do Médico!

Hoje celebramos aqueles que dedicam suas vidas a cuidar, salvar e trazer esperança todos os dias.

Ser médico é mais do que uma profissão — é uma missão de amor, compromisso e humanidade.

A todos os médicos, o nosso profundo respeito e gratidão pelo vosso trabalho incansável.

#diadomedico #doctorsday #saude #Maputo #CDA","diadomedico, doctorsday, saude, maputo, cda",https://scontent-lax3-1.xx.fbcdn.net/v/t39.30808-6/658139281_122256659516177828_2400008191554241679_n.jpg?stp=dst-jpg_tt6&cstp=mx1694x2048&ctp=p526x296&_nc_cat=108&ccb=1-7&_nc_sid=833d8c&_nc_ohc=otkZ2q0C01kQ7kNvwEmPR2P&_nc_oc=AdowZ9-j1gyJxSDjaJbWqrXHqsxMNBlUi_5b2Kr7ywZpCYr7_R48x2R7lKsmjurgw5xKCgYvzj5u0lTASW3OQolv&_nc_zt=23&_nc_ht=scontent-lax3-1.xx&_nc_gid=h7dRlLXhm10cr4o7zobH4Q&_nc_ss=72289&oh=00_AQBeuT2QrOuyJjHZTjP8wpfu0isgSnMDBoRhQVhR9OmA2g&oe=6A4D42B1,0,0,0,
CDA - Centro de Diagnóstico Avançado,facebook,122255586056177828,https://www.facebook.com/CDA.Maputo/posts/pfbid029decnyExFTe1UHVmmQcbhfVW2Sr61xuqFzp2BLoB15fXVEcB23xiKqSkgm84euFEl,2026-03-20T08:19:14.000Z,"✨ Neste Eid-ul-Fitr, o CDA deseja à comunidade muçulmana em todo o país votos de paz, bênçãos e prosperidade.

Após um período de fé, reflexão e disciplina, que esta celebração fortaleça a união, a solidariedade e renove os valores espirituais.

Reafirmamos o nosso compromisso com a saúde e o bem-estar completo, valorizando o equilíbrio entre corpo, mente e espírito.

Que este Eid traga esperança, harmonia e tranquilidade a todos os lares.

Eid Mubarak a todos os que caminham connosco: pacientes, equipa, parceiros e à comunidade islâmica em geral !

#Eid #alegria #celebração #Maputo #CDA","eid, alegria, celebra%C3%A7%C3%A3o, maputo, cda",https://scontent-lax3-2.xx.fbcdn.net/v/t39.30808-6/653917170_122255586032177828_5467595234075497354_n.jpg?stp=dst-jpg_tt6&cstp=mx1694x2048&ctp=p526x296&_nc_cat=106&ccb=1-7&_nc_sid=833d8c&_nc_ohc=u3H4n1wEa1kQ7kNvwEpT-q_&_nc_oc=AdqAKlCccm5rORcAO468PXC4eeWOZORZFrht-8fmzccHJTnRbd5Qq83NpBfKXFFgrWW3KjtaoCfW9HScTuL_069c&_nc_zt=23&_nc_ht=scontent-lax3-2.xx&_nc_gid=h7dRlLXhm10cr4o7zobH4Q&_nc_ss=72289&oh=00_AQCjn23Kb36b3wSgXnrlFzFvHuOPkdyt8abVvuVy0ocHXw&oe=6A4D3E8E,0,0,0,
CDA - Centro de Diagnóstico Avançado,facebook,122255358260177828,https://www.facebook.com/CDA.Maputo/posts/pfbid02QAXqqveRZsyASnhNUt49qorxvnYbJReuiN7nmB9AueQDGNtGhsx7B8Jq2kRoo2JNl,2026-03-18T12:54:28.000Z,"No CDA, a sua experiência em Ressonância Magnética atinge um novo nível.  Tecnologia de ponta para garantir máximo conforto, silêncio e tranquilidade em cada exame.

Estamos prontos para cuidar de si. Faça já a sua marcação!

Cuidados especializados, cuidados de confiança

Endereço: Av. Ahmed Sekou Touré, Num. 754
Telefone: 84/82 15 30 305
Email: cdiagnosticomaputo@gmail.com

#ressonanciamagnetica #exames #consultas #Maputo #CDA","ressonanciamagnetica, exames, consultas, maputo, cda",https://scontent-lax3-2.xx.fbcdn.net/v/t39.30808-6/654802149_122255358236177828_8220131216503282030_n.jpg?stp=dst-jpg_tt6&cstp=mx1694x2048&ctp=p526x296&_nc_cat=103&ccb=1-7&_nc_sid=833d8c&_nc_ohc=L99SglHqr40Q7kNvwEJD_PD&_nc_oc=Adqond5T9C8YpDShamr-BzKjWmv-mXQKLNLQMWX3picM2TR77xd6a1-VXk3xgip6qYPwpwgobmp3VaVhmfvbiCtI&_nc_zt=23&_nc_ht=scontent-lax3-2.xx&_nc_gid=h7dRlLXhm10cr4o7zobH4Q&_nc_ss=72289&oh=00_AQBUGiSDiMOMbNGc3DComvqml7pNH9GAn6hyPC68mCd1JQ&oe=6A4D55CA,1,0,0,
CDA - Centro de Diagnóstico Avançado,facebook,122254474292177828,https://www.facebook.com/CDA.Maputo/posts/pfbid034SZBVku3TomyWhxQuQH2Hd4NyGEVufrtXZFKZYtgue1TPtgUSpkX9C86DozWFhszl,2026-03-11T17:31:03.000Z,"AIRTEST - este teste pode ajudar a investigar sintomas como:
• Inchaço abdominal
• Gases excessivos
• Dor abdominal
• Diarreia ou obstipação
• Desconforto digestivo frequente

Com um diagnóstico correto, é possível iniciar o tratamento adequado e melhorar a sua saúde digestiva.

📞 Entre em contacto connosco para o agendamento.

Cuidados especializados, cuidados de confiança

Endereço: Av. Ahmed Sekou Touré, Num. 754
Telefone: 84/82 15 30 305
Email: cdiagnosticomaputo@gmail.com

#saudedigestiva #airtest #consultas #Maputo #CDA","saudedigestiva, airtest, consultas, maputo, cda","https://scontent-phx1-1.xx.fbcdn.net/v/t39.30808-6/651046111_122254474214177828_5164456577933587545_n.jpg?stp=dst-jpg_tt6&cstp=mx1523x1600&ctp=s590x590&_nc_cat=109&ccb=1-7&_nc_sid=833d8c&_nc_ohc=qI29wxA301MQ7kNvwG0HOB2&_nc_oc=Adr0V_XV2k490tqQzNhHJ3ntR0Y2tEM8ksg4JT9hm2t_0-0jY-3cQW0tcgjAUYp35lk&_nc_zt=23&_nc_ht=scontent-phx1-1.xx&_nc_gid=BAgNZbq4jePpY-1bNz71KQ&_nc_ss=72289&oh=00_AQC2M98Jmso8bGegn9Zk1glifkGMHtu9lq3oQ9aZQQTYzQ&oe=6A4D45BE, https://scontent-phx1-1.xx.fbcdn.net/v/t39.30808-6/649368232_122254474268177828_8836327806226187033_n.jpg?stp=dst-jpg_tt6&cstp=mx1477x1600&ctp=s590x590&_nc_cat=105&ccb=1-7&_nc_sid=833d8c&_nc_ohc=imvCeYnpr4cQ7kNvwG4RiBO&_nc_oc=AdrMxFdcCNHtRBeKcWaGIm7aIXD0gCHXoShn2yfmVlEH8MXyKJYeRUa5IayxjMtsduU&_nc_zt=23&_nc_ht=scontent-phx1-1.xx&_nc_gid=BAgNZbq4jePpY-1bNz71KQ&_nc_ss=72289&oh=00_AQCLDrCFXV-VXPAVZcLsg4J7bAyp0g--Zbc4MxS4kbGMZw&oe=6A4D604E",0,0,1,
CDA - Centro de Diagnóstico Avançado,facebook,122253879368177828,https://www.facebook.com/CDA.Maputo/posts/pfbid0WoAuYwipiVasvSZ37c9QBpoGSm148YNg7hjxszopXgXAjJMnGXZG6oE3E1BiRNHFl,2026-03-07T07:00:28.000Z,"Março Lilás: Um lembrete para colocar a sua saúde em primeiro lugar.

A prevenção contra o cancro do colo do útero começa com a informação e o diagnóstico precoce. Não deixe para depois o exame que pode mudar o seu futuro. Nossa equipa está pronta para acolher você com o cuidado e a discrição que você merece.

Cuide de você, inspire outras mulheres!

Agende agora o rastreio completo.

Endereço: Av. Ahmed Sekou Touré, Num. 754
Telefone: 84/82 15 30 305
Email: cdiagnosticomaputo@gmail.com

#rastreiocancro #coloutero #consultas #Maputo #CDA","rastreiocancro, coloutero, consultas, maputo, cda",https://scontent-phx1-1.xx.fbcdn.net/v/t39.30808-6/646539136_122253879344177828_3070267415666000645_n.jpg?stp=dst-jpg_tt6&cstp=mx1128x1600&ctp=s720x720&_nc_cat=108&ccb=1-7&_nc_sid=833d8c&_nc_ohc=kuE3wNWzOv0Q7kNvwGczBtn&_nc_oc=AdpEcDbyZyWvtGm7AcvR1m376Hyq6KeVEo6MlLi2RxrLLcna9-__9_HWOgnZRAddI5s&_nc_zt=23&_nc_ht=scontent-phx1-1.xx&_nc_gid=BAgNZbq4jePpY-1bNz71KQ&_nc_ss=72289&oh=00_AQD9okoFdojdvfp48J0LTYuKQOEFFstF6ImcTSLrP1WREA&oe=6A4D348A,1,0,0,
CDA - Centro de Diagnóstico Avançado,facebook,122253242300177828,https://www.facebook.com/CDA.Maputo/posts/pfbid0kUh8SmGN6BCAwHoHD9Fxb9V6SJKBwBna4TrG2L5hxX64fRDEhG91VS9W7pRMTiKwl,2026-03-02T14:49:05.000Z,"CDA - Ecografias 3D

Descubra cada detalhe com as nossas ecografias 3D de última geração. Imagens nítidas, segurança total e um atendimento que coloca o seu bem-estar em primeiro lugar.

A sua saúde merece o melhor. Agende já!

Cuidados especializados, cuidados de confiança

Endereço: Av. Ahmed Sekou Touré, Num. 754
Telefone: 84/82 15 30 305
Email: cdiagnosticomaputo@gmail.com

#ecografias #consultas #Maputo #CDA","ecografias, consultas, maputo, cda",https://scontent-phx1-1.xx.fbcdn.net/v/t39.30808-6/646361781_122253242276177828_81516205771757548_n.jpg?stp=dst-jpg_tt6&cstp=mx1694x2048&ctp=p526x296&_nc_cat=103&ccb=1-7&_nc_sid=833d8c&_nc_ohc=Ha25k-SEgBwQ7kNvwE1mpqX&_nc_oc=Adqrx8_5aGf_hzzICARWlgMBxuKP-z2EjvPv6VgzXuytkyWuHlyRppbt1unEYJdtfw0&_nc_zt=23&_nc_ht=scontent-phx1-1.xx&_nc_gid=BAgNZbq4jePpY-1bNz71KQ&_nc_ss=72289&oh=00_AQD6s9A1SNuHzR3BVC1xo74p6SFDT4WaHiSIMdm_v78hZw&oe=6A4D5DCB,0,0,0,
CDA - Centro de Diagnóstico Avançado,facebook,122251480268177828,https://www.facebook.com/CDA.Maputo/posts/pfbid02YgGiwRScZhmq45Rr3mWAZUFc7YQfYcruYLYo5FEu6HdL6YcSFGiz8j155X5jy78pl,2026-02-17T15:11:35.000Z,"CDA - Serviços de Laboratório 

Na nossa clínica realizamos uma ampla variedade de testes laboratoriais com precisão e segurança. Mantenha a sua saúde sob controlo.

Visite-nos hoje!

Cuidados especializados, cuidados de confiança

Endereço: Av. Ahmed Sekou Touré, Num. 754
Telefone: 84/82 15 30 305
Email: cdiagnosticomaputo@gmail.com

#analisesclinicas #exameslaboratoriais #consultas #Maputo #CDA","analisesclinicas, exameslaboratoriais, consultas, maputo, cda","https://scontent-dfw6-2.xx.fbcdn.net/v/t39.30808-6/636965618_122251480280177828_5723259932123611852_n.jpg?stp=dst-jpg_tt6&cstp=mx1694x2048&ctp=s590x590&_nc_cat=109&ccb=1-7&_nc_sid=833d8c&_nc_ohc=nA8tPRQvnGgQ7kNvwH8mTll&_nc_oc=AdpPUqUzDhutEIFydKhFgQ74fGY7-Rj9E0MDluWcH1eYow7aE-THzbD6slUBcerb1HY&_nc_zt=23&_nc_ht=scontent-dfw6-2.xx&_nc_gid=ujUsByBLg-byi8O0ERFYog&_nc_ss=72289&oh=00_AQCRbfEtYKfSoTmp29ORpFW7d3-_Zeio9dYTVjuP-zEIuw&oe=6A4D47F2, https://scontent-dfw5-2.xx.fbcdn.net/v/t39.30808-6/637041606_122251480304177828_2886533617038028626_n.jpg?stp=dst-jpg_tt6&cstp=mx1694x2048&ctp=s590x590&_nc_cat=100&ccb=1-7&_nc_sid=833d8c&_nc_ohc=xatcBHn1tqUQ7kNvwFVy7q6&_nc_oc=Adqjm-or0dpGolaN-MEuOWO6xZqdMQ6_0c6HgEwBvotobZhhiMK_pjNNYl4pHZorPrU&_nc_zt=23&_nc_ht=scontent-dfw5-2.xx&_nc_gid=ujUsByBLg-byi8O0ERFYog&_nc_ss=72289&oh=00_AQCMkc6tKz2X3WAM7BpmHtMBFKQt3wO7H9Tol4paWfzs5Q&oe=6A4D5520",0,0,0,
CDA - Centro de Diagnóstico Avançado,facebook,122237703218177828,https://www.facebook.com/CDA.Maputo/posts/pfbid02GGixZaSHgVzxgwFHnKURMwESeEE19YbLj5Ug16wudw3dog75Dm3BkFDtLuz5Nz48l,2025-11-04T17:47:19.000Z,Promoção prolongada até 30 de Novembro de 2025,,https://scontent-dfw6-2.xx.fbcdn.net/v/t39.30808-6/576797456_122237703230177828_7759019479268009555_n.jpg?stp=dst-jpg_tt6&cstp=mx1694x2048&ctp=p526x296&_nc_cat=108&ccb=1-7&_nc_sid=833d8c&_nc_ohc=WrfI3smeOckQ7kNvwFheNTM&_nc_oc=Adp2TtEUtrAmGRJRgizPAPGNf6jE3WUgSb0mzpR3qFZTLs2RGibX8VZqiWrlEVeBzNU&_nc_zt=23&_nc_ht=scontent-dfw6-2.xx&_nc_gid=ujUsByBLg-byi8O0ERFYog&_nc_ss=72289&oh=00_AQCF6on0Gv8GUSI45ej81aHb-VK_cVc7VsCmVPMIxwbxTQ&oe=6A4D3894,0,0,1,
CDA - Centro de Diagnóstico Avançado,facebook,122237278100177828,https://www.facebook.com/CDA.Maputo/posts/pfbid0dKFtFpFga7Z9ze5DuQvqfUbKT6MYbpVW6KTv7LMB48bQ44w7FA2KunSgkB28wCc6l,2025-11-01T13:03:08.000Z,"💙 Novembro Azul na nossa clínica!

Cuide-se, previna-se e aproveite as ofertas exclusivas deste mês - apenas para homens!

Contacte-nos e agende já a sua consulta.

#NovembroAzul #saúdemasculina #autocuidado #centrodediagnosticomedico #analisesclinicas #exameslaboratoriais #consultas #Moçambique #Maputo #CDA","novembroazul, sa%C3%BAdemasculina, autocuidado, centrodediagnosticomedico, analisesclinicas, exameslaboratoriais, consultas, mo%C3%A7ambique, maputo, cda",https://scontent-dfw6-1.xx.fbcdn.net/v/t39.30808-6/572159115_122237278118177828_2304186429702605329_n.jpg?stp=dst-jpg_tt6&cstp=mx1694x2048&ctp=p526x296&_nc_cat=102&ccb=1-7&_nc_sid=833d8c&_nc_ohc=EgX_4BCbWdQQ7kNvwFR7IK4&_nc_oc=Adp4U3UYQbST7Nw_cGHpdCYZXrr03QepHcpR25t5PHDsFuRwCZJYR2MWuSrNj2WZT0I&_nc_zt=23&_nc_ht=scontent-dfw6-1.xx&_nc_gid=ujUsByBLg-byi8O0ERFYog&_nc_ss=72289&oh=00_AQCXbtU7e-titnu5lkJ02fOTxBQM3wcuLsUbmDWhmczOMw&oe=6A4D45A2,27,2,1,[object Object]
CDA - Centro de Diagnóstico Avançado,facebook,122235069806177828,https://www.facebook.com/CDA.Maputo/posts/pfbid0c45xLnwaj2tiytEUVGWALsnbfshTRTqvzWR8e1nDZt8cb9LHBHX1A9MGZpk1JgFTl,2025-10-15T09:54:07.000Z,"Desconto de 15% no procedimento Core Biópsia

Aproveite, faça a marcação connosco!

Cuidados especializados, cuidados de confiança

Endereço: Av. Ahmed Sekou Touré, Num. 754
Telefone: 84/82 15 30 305
Email: cdiagnosticomaputo@gmail.com

#corebiopsia #centrodediagnosticomedico #analisesclinicas #exameslaboratoriais #consultas #Moçambique #Maputo #CDA","corebiopsia, centrodediagnosticomedico, analisesclinicas, exameslaboratoriais, consultas, mo%C3%A7ambique, maputo, cda",https://scontent-iad3-1.xx.fbcdn.net/v/t39.30808-6/561738543_122235069824177828_4393124024575300037_n.jpg?stp=dst-jpg_tt6&cstp=mx1694x2048&ctp=p526x296&_nc_cat=101&ccb=1-7&_nc_sid=833d8c&_nc_ohc=M2feXjJd9pMQ7kNvwG0kKC6&_nc_oc=AdqVOTbLEKV0CNscp2QRpu0RlCJVLKL2O9q3rvYcqDHxrA2G2j1s5nCqHFqMyXja85Q&_nc_zt=23&_nc_ht=scontent-iad3-1.xx&_nc_gid=Z0wcd9St1FnKB2nTxXzgMA&_nc_ss=72289&oh=00_AQA1WwRyKJOFQFX7jpCj0N0RiEHqPPfVoBApoSY-V3pmKw&oe=6A4D3583,0,0,0,
CDA - Centro de Diagnóstico Avançado,facebook,122233573922177828,https://www.facebook.com/CDA.Maputo/posts/pfbid0n8grVg3AHWEmsaVL4dr31dLcMFngc5bSJbzKxa5QYAUHqZ1feqTRyRaJBdmYAtQ1l,2025-10-04T06:15:33.000Z,"Feliz dia da Paz e da Reconciliação Nacional!

#feriado #analisesclinicas #exameslaboratoriais #consultas #Moçambique #Maputo #CDA","feriado, analisesclinicas, exameslaboratoriais, consultas, mo%C3%A7ambique, maputo, cda",https://scontent-iad6-1.xx.fbcdn.net/v/t39.30808-6/558943819_122233573946177828_6750096778185529706_n.jpg?stp=dst-jpg_tt6&cstp=mx1715x2048&ctp=s600x600&_nc_cat=100&ccb=1-7&_nc_sid=833d8c&_nc_ohc=T5zY1cwmuOkQ7kNvwGlOseI&_nc_oc=AdomMc9K27yeCKUW5QCuHAhB0HWpyTW0thgSVl4X1NogS6jIFtIDSBQ2wJ9-nLPH5mA&_nc_zt=23&_nc_ht=scontent-iad6-1.xx&_nc_gid=Z0wcd9St1FnKB2nTxXzgMA&_nc_ss=72289&oh=00_AQAdN2vK9AtNA3XTBWxwvur5seAhQYFpEiy86hbJIs6eDQ&oe=6A4D6893,1,0,0,
CDA - Centro de Diagnóstico Avançado,facebook,122267110058177828,https://www.facebook.com/CDA.Maputo/posts/pfbid0hf6VZw2sYyfUDvnShcUpaVq89KGdV81gqZUMr4MJAoHfqsdC66Lz4JAkwxNGJiHMl,2026-06-25T11:42:13.000Z,"25 de Junho – Dia da Independência de Moçambique

Hoje celebramos a coragem, a determinação e o espírito de um povo que construiu a sua própria história. Que esta data nos inspire a continuar a trabalhar por um Moçambique cada vez mais forte, unido e próspero.

O CDA – Centro de Diagnóstico Avançado deseja a todos os moçambicanos um Feliz Dia da Independência, repleto de paz, saúde, esperança e conquistas.

📍 Av. Ahmed Sekou Touré, Nº 754
📞 84/82 1530 305
📧 cdiagnosticomaputo@gmail.com",,https://scontent-atl3-2.xx.fbcdn.net/v/t39.30808-6/731397606_122267110034177828_8866221674086718161_n.jpg?stp=dst-jpg_tt6&cstp=mx1694x2048&ctp=p526x296&_nc_cat=101&ccb=1-7&_nc_sid=833d8c&_nc_ohc=NyCqO_0ZJLoQ7kNvwGAs7dI&_nc_oc=AdqNrnnZ6_PNo9IejXr2zdTZXN_1VdQx4r-hguMxFk7znP2twcBlfxVy55QlM9HQlxk&_nc_zt=23&_nc_ht=scontent-atl3-2.xx&_nc_gid=_wh1kYdKw5eu6A81EaN5PA&_nc_ss=7c289&oh=00_AQCNgV7ttSZxgz2-ugVBefSDbCQmk89t0pOM3qyhzFBj-A&oe=6A4D575C,1,0,0,
CDA - Centro de Diagnóstico Avançado,facebook,122266190186177828,https://www.facebook.com/CDA.Maputo/posts/pfbid027FF96ac5PN6U9FP342BTus8drAo6aSdcKT1xVq1pzgA85DxBNawB5R8aeX5mMGyl,2026-06-16T17:17:49.000Z,"Feliz Dia da Criança Africana! 💚

Hoje celebramos a força, a alegria, a esperança e os sonhos das crianças africanas. Cada criança merece crescer com amor, educação, saúde e oportunidades para construir um futuro melhor.

Que este dia nos inspire a proteger os direitos das crianças e a investir no seu desenvolvimento, pois elas são a riqueza mais valiosa do nosso continente.

✨ Uma criança feliz hoje é uma África mais forte amanhã.",,https://scontent-atl3-2.xx.fbcdn.net/v/t39.30808-6/724653867_122266190162177828_8813347074726968398_n.jpg?stp=dst-jpg_tt6&cstp=mx1694x2048&ctp=p526x296&_nc_cat=104&ccb=1-7&_nc_sid=833d8c&_nc_ohc=mZ9DLVxpFuoQ7kNvwEd9VYG&_nc_oc=AdrivdGsOPfVzmdxUeHinJOroMq4rs8aGGJKwPPefpRo7JOjNd-9oJTsXB0qoZZiON8&_nc_zt=23&_nc_ht=scontent-atl3-2.xx&_nc_gid=_wh1kYdKw5eu6A81EaN5PA&_nc_ss=7c289&oh=00_AQD-YyclO_cNingL00bF-dsF3xtSDgbBQvbP3eIHnFe0Tw&oe=6A4D64D2,0,0,0,
CDA - Centro de Diagnóstico Avançado,facebook,122265037334177828,https://www.facebook.com/CDA.Maputo/posts/pfbid02mHYSCV9WvjNcBEXwUpUu2q2ed76Uo243tifHAuYKgZcNfrnwGiNBhhFxBjKk73Hcl,2026-06-06T06:21:46.000Z,"O COLESTEROL ALTO PODE NÃO DAR SINAIS!

Mesmo sem sintomas, o colesterol elevado pode bloquear as artérias e aumentar o risco de problemas cardíacos e AVC.

✅ Faça exames regularmente
✅ Monitore sua saúde com precisão
✅ Previna complicações futuras
✅ Atendimento rápido e confiável

🩺 Cuidar hoje é evitar problemas amanhã. Não espere os sintomas aparecerem!

📞 Agende já o seu exame: 84/82 1530 305
📧 cdiagnosticomaputo@gmail.com
📍 Av. Ahmed Sekou Toure, N754 – Maputo

#colesterol #exameslaboratoriais #consultas #Maputo #CDA","colesterol, exameslaboratoriais, consultas, maputo, cda",https://scontent-atl3-3.xx.fbcdn.net/v/t39.30808-6/718139569_122265037304177828_5348761618820780545_n.jpg?stp=dst-jpg_tt6&cstp=mx1694x2048&ctp=p526x296&_nc_cat=109&ccb=1-7&_nc_sid=833d8c&_nc_ohc=tUNm8TMZEJ0Q7kNvwGyNITr&_nc_oc=AdoASO4TWvZ64FCkM_4Ei5g_x8pD11CrZT4MQuh73Pzfs3N6sWMM_a_Mu7-7UrxDR-o&_nc_zt=23&_nc_ht=scontent-atl3-3.xx&_nc_gid=_wh1kYdKw5eu6A81EaN5PA&_nc_ss=7c289&oh=00_AQDyJtCeh_n35Z4-9ejA8DewK60Vu54TK4MeGAk4ZHpdfg&oe=6A4D402E,0,0,0,
CDA - Centro de Diagnóstico Avançado,facebook,122264528948177828,https://www.facebook.com/CDA.Maputo/posts/pfbid027Ubx3gRuRoMHZP7fuPX6PEE5XYVMKJEQ1YKYYu3Qusq3CrAhofb3ek11h49mRaUYl,2026-06-01T09:51:08.000Z,"FELIZ DIA DAS CRIANÇAS! 🎈

Cada sorriso, cada brincadeira e cada sonho representam a esperança de um futuro melhor. Neste Dia das Crianças, celebramos a alegria, a inocência e a força que tornam cada criança especial.

💙 Cuidar de uma criança é cuidar do amanhã.

O CDA – Centro de Diagnóstico Avançado deseja um dia repleto de felicidade, saúde e momentos inesquecíveis para todas as crianças e suas famílias.

📞 84/82 1530 305
📍 Av. Ahmed Sekou Touré, N° 754
📧 cdiagnosticomaputo@gmail.com",,https://scontent-lga3-1.xx.fbcdn.net/v/t39.30808-6/711630915_122264528924177828_3137540745489044182_n.jpg?stp=dst-jpg_tt6&cstp=mx1694x2048&ctp=p526x296&_nc_cat=103&ccb=1-7&_nc_sid=833d8c&_nc_ohc=k_Omejh5FZEQ7kNvwG1vdmw&_nc_oc=Adqqlju2F9WEX-bPBRc9zp2kRlvP4-alYObI2K4bYNOC0t1nnVDj8IOX48ezt-Y-8-Q&_nc_zt=23&_nc_ht=scontent-lga3-1.xx&_nc_gid=o5oniPzDuEK2VHu9GZ-HUQ&_nc_ss=72289&oh=00_AQDYJkT7eRk7yYAtJvh503_dLwLha62_RdeYxrtokgGo7Q&oe=6A4D3F54,0,0,0,
CDA - Centro de Diagnóstico Avançado,facebook,122264290436177828,https://www.facebook.com/CDA.Maputo/posts/pfbid0s2xjwDcWqHWEk1eL6s88Dph8ybyMYCxTdyNnK1fnWuomSEoYfChHGNZ4GVx7ubTxl,2026-05-30T07:11:45.000Z,"DIABETES PODEM SURGIR EM SILÊNCIO!

Sede excessiva, cansaço constante, perda de peso e visão turva podem ser sinais de alerta. Não espere os sintomas piorarem para cuidar da sua saúde.

✅ Faça o teste de diabetes regularmente
✅ Previna complicações nos rins, coração e visão
✅ Diagnóstico rápido e confiável
✅ Atendimento profissional e seguro

🩺 Detectar cedo pode salvar a sua saúde e melhorar a sua qualidade de vida.

📞 Marque já o seu exame: 84/82 1530 305
📧 cdiagnosticomaputo@gmail.com
📍 Av. Ahmed Sekou Toure, N754 – Maputo

#diabetes #exameslaboratoriais #consultas #Maputo #CDA","diabetes, exameslaboratoriais, consultas, maputo, cda",https://scontent-lga3-3.xx.fbcdn.net/v/t39.30808-6/709101612_122264290406177828_1086124072645286730_n.jpg?stp=dst-jpg_tt6&cstp=mx1694x2048&ctp=p526x296&_nc_cat=104&ccb=1-7&_nc_sid=833d8c&_nc_ohc=U1AHv8sVqnwQ7kNvwFiCfy4&_nc_oc=AdrW-r2DfPlqTUbSqxnSAHCkGKEoI_OWSc0x8FwbNwfjc7QjSUpvhuKt3s__VAzm-9g&_nc_zt=23&_nc_ht=scontent-lga3-3.xx&_nc_gid=o5oniPzDuEK2VHu9GZ-HUQ&_nc_ss=72289&oh=00_AQDWbCbBZmXcz-BKyxnkSlVdZoiF5hfEp-8UzMZgQfPCXA&oe=6A4D4799,0,0,0,
CDA - Centro de Diagnóstico Avançado,facebook,122264008604177828,https://www.facebook.com/CDA.Maputo/posts/pfbid0W2BFGgQn4rwNDGmcDomvco8RdvyGs6ANkPGE8FSxdWuQak9GQSvw6bpFk7PuGqrkl,2026-05-27T12:27:39.000Z,"HIPERTENSÃO: O INIMIGO SILENCIOSO!

Muitas pessoas vivem com pressão alta sem saber… e quando os sintomas aparecem, os riscos podem ser graves.

⚠️ A hipertensão pode causar:
❌ AVC
❌ Problemas cardíacos
❌ Danos nos rins
❌ Complicações graves de saúde

✅ Faça os seus exames regularmente
✅ Controle a sua pressão arterial
✅ Cuide da sua saúde antes que seja tarde

📞 Marque já a sua consulta: 84/82 1530 305
📧 cdiagnosticomaputo@gmail.com
📍 Av. Ahmed Sekou Toure, N754 – Maputo

#hipertensao #exameslaboratoriais #consultas #Maputo #CDA","hipertensao, exameslaboratoriais, consultas, maputo, cda",https://scontent-lga3-2.xx.fbcdn.net/v/t39.30808-6/708953137_122264008526177828_8855237810891201695_n.jpg?stp=dst-jpg_tt6&cstp=mx1694x2048&ctp=p526x296&_nc_cat=105&ccb=1-7&_nc_sid=833d8c&_nc_ohc=uFH3sPGSuioQ7kNvwEr6mpG&_nc_oc=Adpqgx0U_WVLcurEchGsB9_ZG9SAnqRBbxsXShaxXvqGkhdlSgHi5fl6kQZ_T-cUxcM&_nc_zt=23&_nc_ht=scontent-lga3-2.xx&_nc_gid=o5oniPzDuEK2VHu9GZ-HUQ&_nc_ss=72289&oh=00_AQDi7d0ywvqhgLBK9JdU0tKW3HxGr2FT-vOKRoz-g2jC_A&oe=6A4D4013,0,0,0,
CDA - Centro de Diagnóstico Avançado,facebook,122263813418177828,https://www.facebook.com/CDA.Maputo/posts/pfbid02K15WCDAPyYf9w2zkFp9jEyx7MXunworTBW6Ff55yzonYyuNpihGereRDFo7FBagql,2026-05-25T17:25:47.000Z,"NÃO IGNORE OS SINAIS DO SEU CORPO!

Ardor ao urinar? Dor nos rins? Urina com cheiro forte ou cor diferente?

Faça já o seu EXAME COMPLETO DE URINA e descubra possíveis infecções e problemas renais antes que se agravem.

✅ Atendimento rápido
✅ Resultados confiáveis
✅ Profissionais qualificados
✅ Ambiente seguro e moderno

📞 CONTACTE-NOS: 84/82 1530 305
📧 cdiagnosticomaputo@gmail.com
📍 Av. Ahmed Sekou Toure, N754 – Maputo

#urina #exameslaboratoriais #consultas #Maputo #CDA","urina, exameslaboratoriais, consultas, maputo, cda",https://scontent-det1-1.xx.fbcdn.net/v/t39.30808-6/706981983_122263813394177828_7944769672565509882_n.jpg?stp=dst-jpg_tt6&cstp=mx1694x2048&ctp=p526x296&_nc_cat=102&ccb=1-7&_nc_sid=833d8c&_nc_ohc=kyOOGcmkHdsQ7kNvwGoRAaz&_nc_oc=AdrnGZHqoX1yChqc3b-uUJ6Io2wnfFDS5YrXqk-iIj_c-IEfOY_6DmLbbn26G8ifynY&_nc_zt=23&_nc_ht=scontent-det1-1.xx&_nc_gid=0FV7e31_JVdVzi6hH0c38A&_nc_ss=72289&oh=00_AQA83DzVy_a9aujc7BImuSahipwLWLsSjGH5AYFPz9facw&oe=6A4D33B0,2,0,1,
CDA - Centro de Diagnóstico Avançado,facebook,122260929098177828,https://www.facebook.com/CDA.Maputo/posts/pfbid0EccwATAn9ZJZuCE5bhL4DfVwtrnyz19ykKQVSfL31vgynb6D7Y7KZbFcDQb9jDHtl,2026-05-01T13:02:41.000Z,"Feliz dia do Trabalhador!

#feriado #analisesclinicas #exameslaboratoriais #consultas #Moçambique #Maputo #CDA","feriado, analisesclinicas, exameslaboratoriais, consultas, mo%C3%A7ambique, maputo, cda",https://scontent-det1-1.xx.fbcdn.net/v/t39.30808-6/685075476_122260929074177828_4592717148378063743_n.jpg?stp=dst-jpg_tt6&cstp=mx1638x2048&ctp=s640x640&_nc_cat=106&ccb=1-7&_nc_sid=833d8c&_nc_ohc=C0DsYTQvkZQQ7kNvwExB_u7&_nc_oc=AdpWwSTwFEUBpSJDzur_JNwuMPjRZSY6qgd6nyssEszXMblCTGFhLCr1ZMpWWV-heKs&_nc_zt=23&_nc_ht=scontent-det1-1.xx&_nc_gid=0FV7e31_JVdVzi6hH0c38A&_nc_ss=72289&oh=00_AQBozS2ujnl770WYZDEwkU0oRAhDWv9dWm8tuPs10qTpXA&oe=6A4D632E,0,0,1,
CDA - Centro de Diagnóstico Avançado,facebook,122257874828177828,https://www.facebook.com/CDA.Maputo/posts/pfbid02HSepfdt78L5AXyhkjc6ChvNmr8oHbT7gbjysGVXVqP7eEXNm4BbrLdSF5VS9jCd7l,2026-04-07T09:26:51.000Z,"Investir na saúde da mulher é garantir a vitalidade de toda a nação. Neste 7 de Abril, celebramos a vida e a resiliência de todas as moçambicanas 🇲🇿🌻✨

#mulhermocambicana #saude #Maputo #CDA","mulhermocambicana, saude, maputo, cda",https://scontent-det1-1.xx.fbcdn.net/v/t39.30808-6/666042437_122257874798177828_7948095424511099692_n.jpg?stp=dst-jpg_tt6&cstp=mx1694x2048&ctp=p526x296&_nc_cat=107&ccb=1-7&_nc_sid=833d8c&_nc_ohc=pdbWzRQf24AQ7kNvwFqeDPJ&_nc_oc=Adp9rw7-vcVCe4mKYMWzWCjmwBNoIw1jCVrLeP4B8yI8-Nila6Do23FjGEGt7h4ZSQQ&_nc_zt=23&_nc_ht=scontent-det1-1.xx&_nc_gid=0FV7e31_JVdVzi6hH0c38A&_nc_ss=72289&oh=00_AQDDeGZB5yDAfAjZEYJMSgDAzY-sXbmsZkTFTCq3p_ucFQ&oe=6A4D3762,1,0,0,
CDA - Centro de Diagnóstico Avançado,facebook,122256659546177828,https://www.facebook.com/CDA.Maputo/posts/pfbid0Z6dHLc1RBZyTdpHdAtksD2osUq6HgN2BLBaycFXA56huuPRKkrLfU5nNwQo7PTJsl,2026-03-28T17:00:42.000Z,"Feliz Dia do Médico!

Hoje celebramos aqueles que dedicam suas vidas a cuidar, salvar e trazer esperança todos os dias.

Ser médico é mais do que uma profissão — é uma missão de amor, compromisso e humanidade.

A todos os médicos, o nosso profundo respeito e gratidão pelo vosso trabalho incansável.

#diadomedico #doctorsday #saude #Maputo #CDA","diadomedico, doctorsday, saude, maputo, cda",https://scontent.fagc1-2.fna.fbcdn.net/v/t39.30808-6/658139281_122256659516177828_2400008191554241679_n.jpg?stp=dst-jpg_tt6&cstp=mx1694x2048&ctp=p526x296&_nc_cat=108&ccb=1-7&_nc_sid=833d8c&_nc_ohc=otkZ2q0C01kQ7kNvwHfbDtb&_nc_oc=AdpfBFgv0M8A-q2JYPZKx2TNa1upXHXjSjuHua2X6LGkXcZHpcjbl-KZc4jN6pmlyvI&_nc_zt=23&_nc_ht=scontent.fagc1-2.fna&_nc_gid=dZKCOOkQaBJ97GTy0VV41w&_nc_ss=72289&oh=00_AQC9WIEt0z9Tq7ABBqW9ruCb2pIJuw8HjudPNDNeKH3jYg&oe=6A4D42B1,0,0,0,
CDA - Centro de Diagnóstico Avançado,facebook,122255586056177828,https://www.facebook.com/CDA.Maputo/posts/pfbid029decnyExFTe1UHVmmQcbhfVW2Sr61xuqFzp2BLoB15fXVEcB23xiKqSkgm84euFEl,2026-03-20T08:19:14.000Z,"✨ Neste Eid-ul-Fitr, o CDA deseja à comunidade muçulmana em todo o país votos de paz, bênçãos e prosperidade.

Após um período de fé, reflexão e disciplina, que esta celebração fortaleça a união, a solidariedade e renove os valores espirituais.

Reafirmamos o nosso compromisso com a saúde e o bem-estar completo, valorizando o equilíbrio entre corpo, mente e espírito.

Que este Eid traga esperança, harmonia e tranquilidade a todos os lares.

Eid Mubarak a todos os que caminham connosco: pacientes, equipa, parceiros e à comunidade islâmica em geral !

#Eid #alegria #celebração #Maputo #CDA","eid, alegria, celebra%C3%A7%C3%A3o, maputo, cda",https://scontent.fagc1-1.fna.fbcdn.net/v/t39.30808-6/653917170_122255586032177828_5467595234075497354_n.jpg?stp=dst-jpg_tt6&cstp=mx1694x2048&ctp=p526x296&_nc_cat=106&ccb=1-7&_nc_sid=833d8c&_nc_ohc=u3H4n1wEa1kQ7kNvwE6r9yp&_nc_oc=Adqigt6tr751TJqfC3Fe2SuIei4hWa_jbGYv3KSIbpcwSrgzHo4cqiXALnDc9Hl-YB4&_nc_zt=23&_nc_ht=scontent.fagc1-1.fna&_nc_gid=dZKCOOkQaBJ97GTy0VV41w&_nc_ss=72289&oh=00_AQAG9IokoBBQzNbUcp9FczpNCEfrAw6txFv1MQWxpP64TA&oe=6A4D3E8E,0,0,0,
CDA - Centro de Diagnóstico Avançado,facebook,122255358260177828,https://www.facebook.com/CDA.Maputo/posts/pfbid02QAXqqveRZsyASnhNUt49qorxvnYbJReuiN7nmB9AueQDGNtGhsx7B8Jq2kRoo2JNl,2026-03-18T12:54:28.000Z,"No CDA, a sua experiência em Ressonância Magnética atinge um novo nível.  Tecnologia de ponta para garantir máximo conforto, silêncio e tranquilidade em cada exame.

Estamos prontos para cuidar de si. Faça já a sua marcação!

Cuidados especializados, cuidados de confiança

Endereço: Av. Ahmed Sekou Touré, Num. 754
Telefone: 84/82 15 30 305
Email: cdiagnosticomaputo@gmail.com

#ressonanciamagnetica #exames #consultas #Maputo #CDA","ressonanciamagnetica, exames, consultas, maputo, cda",https://scontent.fagc1-1.fna.fbcdn.net/v/t39.30808-6/654802149_122255358236177828_8220131216503282030_n.jpg?stp=dst-jpg_tt6&cstp=mx1694x2048&ctp=p526x296&_nc_cat=103&ccb=1-7&_nc_sid=833d8c&_nc_ohc=L99SglHqr40Q7kNvwHMFpmE&_nc_oc=Adpx0iyuCd4rPxxwR685sAXPUzLMU-VSGqniDng8wWfMkUeKlhvNNDekdua66jgWyxg&_nc_zt=23&_nc_ht=scontent.fagc1-1.fna&_nc_gid=dZKCOOkQaBJ97GTy0VV41w&_nc_ss=72289&oh=00_AQD7bJzsdK3rXkOpIN5OT-3a17AxujTevcPv3yVrebYQdw&oe=6A4D55CA,1,0,0,
CDA - Centro de Diagnóstico Avançado,facebook,122254474292177828,https://www.facebook.com/CDA.Maputo/posts/pfbid034SZBVku3TomyWhxQuQH2Hd4NyGEVufrtXZFKZYtgue1TPtgUSpkX9C86DozWFhszl,2026-03-11T17:31:03.000Z,"AIRTEST - este teste pode ajudar a investigar sintomas como:
• Inchaço abdominal
• Gases excessivos
• Dor abdominal
• Diarreia ou obstipação
• Desconforto digestivo frequente

Com um diagnóstico correto, é possível iniciar o tratamento adequado e melhorar a sua saúde digestiva.

📞 Entre em contacto connosco para o agendamento.

Cuidados especializados, cuidados de confiança

Endereço: Av. Ahmed Sekou Touré, Num. 754
Telefone: 84/82 15 30 305
Email: cdiagnosticomaputo@gmail.com

#saudedigestiva #airtest #consultas #Maputo #CDA","saudedigestiva, airtest, consultas, maputo, cda","https://scontent-ord5-3.xx.fbcdn.net/v/t39.30808-6/651046111_122254474214177828_5164456577933587545_n.jpg?stp=dst-jpg_tt6&cstp=mx1523x1600&ctp=s590x590&_nc_cat=109&ccb=1-7&_nc_sid=833d8c&_nc_ohc=qI29wxA301MQ7kNvwEbsSEc&_nc_oc=AdpIUMZRFdP7ZyaNImB3hVsIbnWL1uVtrFEH7SZFQBEXFnlxIcPgLltYqE-pczic72U&_nc_zt=23&_nc_ht=scontent-ord5-3.xx&_nc_gid=qxKYbNvpZFWQsDMRheyRYw&_nc_ss=72289&oh=00_AQB_9AKcDqgGBFeb7PwK6f97X9cyHgVThM72o2CI-e2Kcg&oe=6A4D45BE, https://scontent-ord5-2.xx.fbcdn.net/v/t39.30808-6/649368232_122254474268177828_8836327806226187033_n.jpg?stp=dst-jpg_tt6&cstp=mx1477x1600&ctp=s590x590&_nc_cat=105&ccb=1-7&_nc_sid=833d8c&_nc_ohc=imvCeYnpr4cQ7kNvwG463SM&_nc_oc=Adr3wrZjpbiPD2w455Ce_uQUal3qIsK6hTLiipDepmuGs4TiACQPj0pi93NPTGTXLh4&_nc_zt=23&_nc_ht=scontent-ord5-2.xx&_nc_gid=qxKYbNvpZFWQsDMRheyRYw&_nc_ss=72289&oh=00_AQDDkaGopa5oGcZ6DGySmN3bMnKFjNMxNUEBCPVHdT-77Q&oe=6A4D604E",0,0,1,
CDA - Centro de Diagnóstico Avançado,facebook,122253879368177828,https://www.facebook.com/CDA.Maputo/posts/pfbid0WoAuYwipiVasvSZ37c9QBpoGSm148YNg7hjxszopXgXAjJMnGXZG6oE3E1BiRNHFl,2026-03-07T07:00:28.000Z,"Março Lilás: Um lembrete para colocar a sua saúde em primeiro lugar.

A prevenção contra o cancro do colo do útero começa com a informação e o diagnóstico precoce. Não deixe para depois o exame que pode mudar o seu futuro. Nossa equipa está pronta para acolher você com o cuidado e a discrição que você merece.

Cuide de você, inspire outras mulheres!

Agende agora o rastreio completo.

Endereço: Av. Ahmed Sekou Touré, Num. 754
Telefone: 84/82 15 30 305
Email: cdiagnosticomaputo@gmail.com

#rastreiocancro #coloutero #consultas #Maputo #CDA","rastreiocancro, coloutero, consultas, maputo, cda",https://scontent-ord5-1.xx.fbcdn.net/v/t39.30808-6/646539136_122253879344177828_3070267415666000645_n.jpg?stp=dst-jpg_tt6&cstp=mx1128x1600&ctp=s720x720&_nc_cat=108&ccb=1-7&_nc_sid=833d8c&_nc_ohc=kuE3wNWzOv0Q7kNvwE_q1yq&_nc_oc=AdqQXMTNsSybjdJAQgjs987GAeJNv1v5L6G5epzVQRN20b92LjFcEXk942EI2HfFBKY&_nc_zt=23&_nc_ht=scontent-ord5-1.xx&_nc_gid=qxKYbNvpZFWQsDMRheyRYw&_nc_ss=72289&oh=00_AQCYaV4o_ih--C6aE9hYr05WgJLZcJsTbnjssyduV0TbRg&oe=6A4D348A,1,0,0,
CDA - Centro de Diagnóstico Avançado,facebook,122253242300177828,https://www.facebook.com/CDA.Maputo/posts/pfbid0kUh8SmGN6BCAwHoHD9Fxb9V6SJKBwBna4TrG2L5hxX64fRDEhG91VS9W7pRMTiKwl,2026-03-02T14:49:05.000Z,"CDA - Ecografias 3D

Descubra cada detalhe com as nossas ecografias 3D de última geração. Imagens nítidas, segurança total e um atendimento que coloca o seu bem-estar em primeiro lugar.

A sua saúde merece o melhor. Agende já!

Cuidados especializados, cuidados de confiança

Endereço: Av. Ahmed Sekou Touré, Num. 754
Telefone: 84/82 15 30 305
Email: cdiagnosticomaputo@gmail.com

#ecografias #consultas #Maputo #CDA","ecografias, consultas, maputo, cda",https://scontent-ord5-2.xx.fbcdn.net/v/t39.30808-6/646361781_122253242276177828_81516205771757548_n.jpg?stp=dst-jpg_tt6&cstp=mx1694x2048&ctp=p526x296&_nc_cat=103&ccb=1-7&_nc_sid=833d8c&_nc_ohc=Ha25k-SEgBwQ7kNvwHqWHGF&_nc_oc=AdrnQ_T0DD7X2JAB_BaPj3oX9sD539mr-GZBkUKWoFzGnYs7EFbCt1RXKWBGu_zyo3A&_nc_zt=23&_nc_ht=scontent-ord5-2.xx&_nc_gid=qxKYbNvpZFWQsDMRheyRYw&_nc_ss=72289&oh=00_AQBVwlndUSGjeYILekLwz3SDrOwv2ptgI2qtlGv6ruVh-g&oe=6A4D5DCB,0,0,0,
CDA - Centro de Diagnóstico Avançado,facebook,122251480268177828,https://www.facebook.com/CDA.Maputo/posts/pfbid02YgGiwRScZhmq45Rr3mWAZUFc7YQfYcruYLYo5FEu6HdL6YcSFGiz8j155X5jy78pl,2026-02-17T15:11:35.000Z,"CDA - Serviços de Laboratório 

Na nossa clínica realizamos uma ampla variedade de testes laboratoriais com precisão e segurança. Mantenha a sua saúde sob controlo.

Visite-nos hoje!

Cuidados especializados, cuidados de confiança

Endereço: Av. Ahmed Sekou Touré, Num. 754
Telefone: 84/82 15 30 305
Email: cdiagnosticomaputo@gmail.com

#analisesclinicas #exameslaboratoriais #consultas #Maputo #CDA","analisesclinicas, exameslaboratoriais, consultas, maputo, cda","https://scontent-ord5-3.xx.fbcdn.net/v/t39.30808-6/636965618_122251480280177828_5723259932123611852_n.jpg?stp=dst-jpg_tt6&cstp=mx1694x2048&ctp=s590x590&_nc_cat=109&ccb=1-7&_nc_sid=833d8c&_nc_ohc=nA8tPRQvnGgQ7kNvwFiVxbZ&_nc_oc=AdrAN-rgGDsi9qjrcvFP5fs-cmcqFaGqVuxEUCM-arJKweijCqld2AV7rWVegANA794&_nc_zt=23&_nc_ht=scontent-ord5-3.xx&_nc_gid=aAX0U3o9oIyUAMTmylnj4w&_nc_ss=72289&oh=00_AQD-3usIdAKdE4UoMkf1EiyIzJq_qoUDJZFR8Xh8VZlm6w&oe=6A4D47F2, https://scontent-ord5-3.xx.fbcdn.net/v/t39.30808-6/637041606_122251480304177828_2886533617038028626_n.jpg?stp=dst-jpg_tt6&cstp=mx1694x2048&ctp=s590x590&_nc_cat=100&ccb=1-7&_nc_sid=833d8c&_nc_ohc=xatcBHn1tqUQ7kNvwGWKPnP&_nc_oc=AdoCIrhRkrxMiGfK7N_Myp73vVSI9sEiyt49NJoey7kTVNgjtpynA1MHS-k9bXk6xes&_nc_zt=23&_nc_ht=scontent-ord5-3.xx&_nc_gid=aAX0U3o9oIyUAMTmylnj4w&_nc_ss=72289&oh=00_AQCw2_U9Spa82xyAcWouqB8rNlW819LkeclU1LayU6hOvg&oe=6A4D5520",0,0,0,
CDA - Centro de Diagnóstico Avançado,facebook,122237703218177828,https://www.facebook.com/CDA.Maputo/posts/pfbid02GGixZaSHgVzxgwFHnKURMwESeEE19YbLj5Ug16wudw3dog75Dm3BkFDtLuz5Nz48l,2025-11-04T17:47:19.000Z,Promoção prolongada até 30 de Novembro de 2025,,https://scontent-ord5-1.xx.fbcdn.net/v/t39.30808-6/576797456_122237703230177828_7759019479268009555_n.jpg?stp=dst-jpg_tt6&cstp=mx1694x2048&ctp=p526x296&_nc_cat=108&ccb=1-7&_nc_sid=833d8c&_nc_ohc=WrfI3smeOckQ7kNvwESNYG-&_nc_oc=AdpjF_Xq0g30W0DFt8UezRDBUQO32R3hK6xFRP2ELzvy4_PRYYHbf38vVmt5rH7Pb9E&_nc_zt=23&_nc_ht=scontent-ord5-1.xx&_nc_gid=aAX0U3o9oIyUAMTmylnj4w&_nc_ss=72289&oh=00_AQA3ck1XFR7ztNHY9NAD6XitD4nCDO57cCfX2p0FlBJnUw&oe=6A4D3894,0,0,1,
CDA - Centro de Diagnóstico Avançado,facebook,122237278100177828,https://www.facebook.com/CDA.Maputo/posts/pfbid0dKFtFpFga7Z9ze5DuQvqfUbKT6MYbpVW6KTv7LMB48bQ44w7FA2KunSgkB28wCc6l,2025-11-01T13:03:08.000Z,"💙 Novembro Azul na nossa clínica!

Cuide-se, previna-se e aproveite as ofertas exclusivas deste mês - apenas para homens!

Contacte-nos e agende já a sua consulta.

#NovembroAzul #saúdemasculina #autocuidado #centrodediagnosticomedico #analisesclinicas #exameslaboratoriais #consultas #Moçambique #Maputo #CDA","novembroazul, sa%C3%BAdemasculina, autocuidado, centrodediagnosticomedico, analisesclinicas, exameslaboratoriais, consultas, mo%C3%A7ambique, maputo, cda",https://scontent-ord5-2.xx.fbcdn.net/v/t39.30808-6/572159115_122237278118177828_2304186429702605329_n.jpg?stp=dst-jpg_tt6&cstp=mx1694x2048&ctp=p526x296&_nc_cat=102&ccb=1-7&_nc_sid=833d8c&_nc_ohc=EgX_4BCbWdQQ7kNvwH0kwEv&_nc_oc=Adr2XjuPfdHxZmngDs2xHeWpotv7bhcRDlabodlE2evn1v3CD2XNcKvcqn8JErMS9MI&_nc_zt=23&_nc_ht=scontent-ord5-2.xx&_nc_gid=aAX0U3o9oIyUAMTmylnj4w&_nc_ss=72289&oh=00_AQAFbgzsCQBRJLEHyedhhdXy80Zw3NEck1muISHmMjy3Bw&oe=6A4D45A2,27,2,1,[object Object]
CDA - Centro de Diagnóstico Avançado,facebook,122235069806177828,https://www.facebook.com/CDA.Maputo/posts/pfbid0c45xLnwaj2tiytEUVGWALsnbfshTRTqvzWR8e1nDZt8cb9LHBHX1A9MGZpk1JgFTl,2025-10-15T09:54:07.000Z,"Desconto de 15% no procedimento Core Biópsia

Aproveite, faça a marcação connosco!

Cuidados especializados, cuidados de confiança

Endereço: Av. Ahmed Sekou Touré, Num. 754
Telefone: 84/82 15 30 305
Email: cdiagnosticomaputo@gmail.com

#corebiopsia #centrodediagnosticomedico #analisesclinicas #exameslaboratoriais #consultas #Moçambique #Maputo #CDA","corebiopsia, centrodediagnosticomedico, analisesclinicas, exameslaboratoriais, consultas, mo%C3%A7ambique, maputo, cda",https://scontent-lga3-2.xx.fbcdn.net/v/t39.30808-6/561738543_122235069824177828_4393124024575300037_n.jpg?stp=dst-jpg_tt6&cstp=mx1694x2048&ctp=p526x296&_nc_cat=101&ccb=1-7&_nc_sid=833d8c&_nc_ohc=M2feXjJd9pMQ7kNvwGMnh8l&_nc_oc=AdoGfaamT5BXrWCAgfCBU2WY59AgjbwxemupmhWGigaXncNzKvjMEOOFKe0WztYSRJY&_nc_zt=23&_nc_ht=scontent-lga3-2.xx&_nc_gid=xSombYMnSvoDA1jT-ALDtQ&_nc_ss=72289&oh=00_AQCsRWkJAZlaPAG8p4YEBBKj0VJWoGnsf0BeTMnlMlL8qQ&oe=6A4D3583,0,0,0,
CDA - Centro de Diagnóstico Avançado,facebook,122233573922177828,https://www.facebook.com/CDA.Maputo/posts/pfbid0n8grVg3AHWEmsaVL4dr31dLcMFngc5bSJbzKxa5QYAUHqZ1feqTRyRaJBdmYAtQ1l,2025-10-04T06:15:33.000Z,"Feliz dia da Paz e da Reconciliação Nacional!

#feriado #analisesclinicas #exameslaboratoriais #consultas #Moçambique #Maputo #CDA","feriado, analisesclinicas, exameslaboratoriais, consultas, mo%C3%A7ambique, maputo, cda",https://scontent-lga3-2.xx.fbcdn.net/v/t39.30808-6/558943819_122233573946177828_6750096778185529706_n.jpg?stp=dst-jpg_tt6&cstp=mx1715x2048&ctp=s600x600&_nc_cat=100&ccb=1-7&_nc_sid=833d8c&_nc_ohc=T5zY1cwmuOkQ7kNvwHPpmrC&_nc_oc=AdrTn-5dL_jdTDPTzn7t-rmZEQ4WU5gZcfet064IFlItfq_4f0fOZ4qbL-DQJX07wl4&_nc_zt=23&_nc_ht=scontent-lga3-2.xx&_nc_gid=xSombYMnSvoDA1jT-ALDtQ&_nc_ss=72289&oh=00_AQBRFdl4UDJYLnu15WgItN1QfCqrRDW2o0WIQMvifd7tCQ&oe=6A4D6893,1,0,0,
CDA - Centro de Diagnóstico Avançado,facebook,122267110058177828,https://www.facebook.com/CDA.Maputo/posts/pfbid0hf6VZw2sYyfUDvnShcUpaVq89KGdV81gqZUMr4MJAoHfqsdC66Lz4JAkwxNGJiHMl,2026-06-25T11:42:13.000Z,"25 de Junho – Dia da Independência de Moçambique

Hoje celebramos a coragem, a determinação e o espírito de um povo que construiu a sua própria história. Que esta data nos inspire a continuar a trabalhar por um Moçambique cada vez mais forte, unido e próspero.

O CDA – Centro de Diagnóstico Avançado deseja a todos os moçambicanos um Feliz Dia da Independência, repleto de paz, saúde, esperança e conquistas.

📍 Av. Ahmed Sekou Touré, Nº 754
📞 84/82 1530 305
📧 cdiagnosticomaputo@gmail.com",,https://scontent-iad3-1.xx.fbcdn.net/v/t39.30808-6/731397606_122267110034177828_8866221674086718161_n.jpg?stp=dst-jpg_tt6&cstp=mx1694x2048&ctp=p526x296&_nc_cat=101&ccb=1-7&_nc_sid=833d8c&_nc_ohc=NyCqO_0ZJLoQ7kNvwHmVM6D&_nc_oc=AdpevQGwKYkVwDGY2JzFmynr2tZ174O-oPjab3_6TCXKYeUy1bgi1lMEMNWNxEiIq74&_nc_zt=23&_nc_ht=scontent-iad3-1.xx&_nc_gid=yUC7HQLirtO1mTHhAf4iwg&_nc_ss=72289&oh=00_AQDaWHFXI7_VGV0S640FL5rQ4mUmbU4PVr8m7R5tbIReJw&oe=6A4D575C,1,0,0,
CDA - Centro de Diagnóstico Avançado,facebook,122266190186177828,https://www.facebook.com/CDA.Maputo/posts/pfbid027FF96ac5PN6U9FP342BTus8drAo6aSdcKT1xVq1pzgA85DxBNawB5R8aeX5mMGyl,2026-06-16T17:17:49.000Z,"Feliz Dia da Criança Africana! 💚

Hoje celebramos a força, a alegria, a esperança e os sonhos das crianças africanas. Cada criança merece crescer com amor, educação, saúde e oportunidades para construir um futuro melhor.

Que este dia nos inspire a proteger os direitos das crianças e a investir no seu desenvolvimento, pois elas são a riqueza mais valiosa do nosso continente.

✨ Uma criança feliz hoje é uma África mais forte amanhã.",,https://scontent-iad3-1.xx.fbcdn.net/v/t39.30808-6/724653867_122266190162177828_8813347074726968398_n.jpg?stp=dst-jpg_tt6&cstp=mx1694x2048&ctp=p526x296&_nc_cat=104&ccb=1-7&_nc_sid=833d8c&_nc_ohc=mZ9DLVxpFuoQ7kNvwHR-hhg&_nc_oc=Ado4UbmEFZe3YgMu2M8ylJeqawhnsifGk3l-DkcuufhkQsnylVaqXjzy85CEZs0PcHc&_nc_zt=23&_nc_ht=scontent-iad3-1.xx&_nc_gid=yUC7HQLirtO1mTHhAf4iwg&_nc_ss=72289&oh=00_AQDagJj9UET-tDUJp8OxV11hhoP2-6Ji3W5Bvqi3MA25uQ&oe=6A4D64D2,0,0,0,
CDA - Centro de Diagnóstico Avançado,facebook,122265037334177828,https://www.facebook.com/CDA.Maputo/posts/pfbid02mHYSCV9WvjNcBEXwUpUu2q2ed76Uo243tifHAuYKgZcNfrnwGiNBhhFxBjKk73Hcl,2026-06-06T06:21:46.000Z,"O COLESTEROL ALTO PODE NÃO DAR SINAIS!

Mesmo sem sintomas, o colesterol elevado pode bloquear as artérias e aumentar o risco de problemas cardíacos e AVC.

✅ Faça exames regularmente
✅ Monitore sua saúde com precisão
✅ Previna complicações futuras
✅ Atendimento rápido e confiável

🩺 Cuidar hoje é evitar problemas amanhã. Não espere os sintomas aparecerem!

📞 Agende já o seu exame: 84/82 1530 305
📧 cdiagnosticomaputo@gmail.com
📍 Av. Ahmed Sekou Toure, N754 – Maputo

#colesterol #exameslaboratoriais #consultas #Maputo #CDA","colesterol, exameslaboratoriais, consultas, maputo, cda",https://scontent-iad6-1.xx.fbcdn.net/v/t39.30808-6/718139569_122265037304177828_5348761618820780545_n.jpg?stp=dst-jpg_tt6&cstp=mx1694x2048&ctp=p526x296&_nc_cat=109&ccb=1-7&_nc_sid=833d8c&_nc_ohc=tUNm8TMZEJ0Q7kNvwGV1Emg&_nc_oc=AdoTAuTaXHzmWdXngXraA2X3Bj6-NbYtkiStNnB5RLYScRYI-ge8ZUj-kGjhLAA0TOI&_nc_zt=23&_nc_ht=scontent-iad6-1.xx&_nc_gid=yUC7HQLirtO1mTHhAf4iwg&_nc_ss=72289&oh=00_AQBPtei5z6uPewHO5x5oDXQQHauF3mJ-AXyo6bhenVYYwg&oe=6A4D786E,0,0,0,
CDA - Centro de Diagnóstico Avançado,facebook,122264528948177828,https://www.facebook.com/CDA.Maputo/posts/pfbid027Ubx3gRuRoMHZP7fuPX6PEE5XYVMKJEQ1YKYYu3Qusq3CrAhofb3ek11h49mRaUYl,2026-06-01T09:51:08.000Z,"FELIZ DIA DAS CRIANÇAS! 🎈

Cada sorriso, cada brincadeira e cada sonho representam a esperança de um futuro melhor. Neste Dia das Crianças, celebramos a alegria, a inocência e a força que tornam cada criança especial.

💙 Cuidar de uma criança é cuidar do amanhã.

O CDA – Centro de Diagnóstico Avançado deseja um dia repleto de felicidade, saúde e momentos inesquecíveis para todas as crianças e suas famílias.

📞 84/82 1530 305
📍 Av. Ahmed Sekou Touré, N° 754
📧 cdiagnosticomaputo@gmail.com",,https://scontent-iad3-2.xx.fbcdn.net/v/t39.30808-6/711630915_122264528924177828_3137540745489044182_n.jpg?stp=dst-jpg_tt6&cstp=mx1694x2048&ctp=p526x296&_nc_cat=103&ccb=1-7&_nc_sid=833d8c&_nc_ohc=k_Omejh5FZEQ7kNvwHXF7sl&_nc_oc=Adq2Y76fbpd4iqGIMFh8LJKEEIBr_ohXh5BEJ7uBG3iGWJgJmJGSVtc7BS0FFqk6phs&_nc_zt=23&_nc_ht=scontent-iad3-2.xx&_nc_gid=1kMuIGkX9MR_Blb7JQcyPQ&_nc_ss=72289&oh=00_AQCBd5ooliM4GFQHyGrRa0iVQvM_fSsuoL0QNRj9CWXTBQ&oe=6A4D7794,0,0,0,
CDA - Centro de Diagnóstico Avançado,facebook,122264290436177828,https://www.facebook.com/CDA.Maputo/posts/pfbid0s2xjwDcWqHWEk1eL6s88Dph8ybyMYCxTdyNnK1fnWuomSEoYfChHGNZ4GVx7ubTxl,2026-05-30T07:11:45.000Z,"DIABETES PODEM SURGIR EM SILÊNCIO!

Sede excessiva, cansaço constante, perda de peso e visão turva podem ser sinais de alerta. Não espere os sintomas piorarem para cuidar da sua saúde.

✅ Faça o teste de diabetes regularmente
✅ Previna complicações nos rins, coração e visão
✅ Diagnóstico rápido e confiável
✅ Atendimento profissional e seguro

🩺 Detectar cedo pode salvar a sua saúde e melhorar a sua qualidade de vida.

📞 Marque já o seu exame: 84/82 1530 305
📧 cdiagnosticomaputo@gmail.com
📍 Av. Ahmed Sekou Toure, N754 – Maputo

#diabetes #exameslaboratoriais #consultas #Maputo #CDA","diabetes, exameslaboratoriais, consultas, maputo, cda",https://scontent-iad3-1.xx.fbcdn.net/v/t39.30808-6/709101612_122264290406177828_1086124072645286730_n.jpg?stp=dst-jpg_tt6&cstp=mx1694x2048&ctp=p526x296&_nc_cat=104&ccb=1-7&_nc_sid=833d8c&_nc_ohc=U1AHv8sVqnwQ7kNvwEdmaNq&_nc_oc=AdobkAk9VrFNA6UCW97z6sG9yYAyExP6UaZipsZSAYrc16bguGbvifHT-Y6z6AJJfoc&_nc_zt=23&_nc_ht=scontent-iad3-1.xx&_nc_gid=1kMuIGkX9MR_Blb7JQcyPQ&_nc_ss=72289&oh=00_AQCREVw4DMp7j75K_6MOC3ZzcSv7mfFy84fUeLtlzsigCw&oe=6A4D4799,0,0,0,
CDA - Centro de Diagnóstico Avançado,facebook,122264008604177828,https://www.facebook.com/CDA.Maputo/posts/pfbid0W2BFGgQn4rwNDGmcDomvco8RdvyGs6ANkPGE8FSxdWuQak9GQSvw6bpFk7PuGqrkl,2026-05-27T12:27:39.000Z,"HIPERTENSÃO: O INIMIGO SILENCIOSO!

Muitas pessoas vivem com pressão alta sem saber… e quando os sintomas aparecem, os riscos podem ser graves.

⚠️ A hipertensão pode causar:
❌ AVC
❌ Problemas cardíacos
❌ Danos nos rins
❌ Complicações graves de saúde

✅ Faça os seus exames regularmente
✅ Controle a sua pressão arterial
✅ Cuide da sua saúde antes que seja tarde

📞 Marque já a sua consulta: 84/82 1530 305
📧 cdiagnosticomaputo@gmail.com
📍 Av. Ahmed Sekou Toure, N754 – Maputo

#hipertensao #exameslaboratoriais #consultas #Maputo #CDA","hipertensao, exameslaboratoriais, consultas, maputo, cda",https://scontent-iad3-2.xx.fbcdn.net/v/t39.30808-6/708953137_122264008526177828_8855237810891201695_n.jpg?stp=dst-jpg_tt6&cstp=mx1694x2048&ctp=p526x296&_nc_cat=105&ccb=1-7&_nc_sid=833d8c&_nc_ohc=uFH3sPGSuioQ7kNvwHWSEV9&_nc_oc=Adq2N1nAn-j4nZmcurFE5mAwCZIBFF0WVAOkg1uPBBTlgx2LgCbTOGdREGGX3zqrL3s&_nc_zt=23&_nc_ht=scontent-iad3-2.xx&_nc_gid=1kMuIGkX9MR_Blb7JQcyPQ&_nc_ss=72289&oh=00_AQACxmBiYYYxwq5L_gGEdIIcjuYg_zikFRRMRh5emjGT7Q&oe=6A4D7853,0,0,0,
CDA - Centro de Diagnóstico Avançado,facebook,122263813418177828,https://www.facebook.com/CDA.Maputo/posts/pfbid02K15WCDAPyYf9w2zkFp9jEyx7MXunworTBW6Ff55yzonYyuNpihGereRDFo7FBagql,2026-05-25T17:25:47.000Z,"NÃO IGNORE OS SINAIS DO SEU CORPO!

Ardor ao urinar? Dor nos rins? Urina com cheiro forte ou cor diferente?

Faça já o seu EXAME COMPLETO DE URINA e descubra possíveis infecções e problemas renais antes que se agravem.

✅ Atendimento rápido
✅ Resultados confiáveis
✅ Profissionais qualificados
✅ Ambiente seguro e moderno

📞 CONTACTE-NOS: 84/82 1530 305
📧 cdiagnosticomaputo@gmail.com
📍 Av. Ahmed Sekou Toure, N754 – Maputo

#urina #exameslaboratoriais #consultas #Maputo #CDA","urina, exameslaboratoriais, consultas, maputo, cda",https://scontent-hou1-1.xx.fbcdn.net/v/t39.30808-6/706981983_122263813394177828_7944769672565509882_n.jpg?stp=dst-jpg_tt6&cstp=mx1694x2048&ctp=p526x296&_nc_cat=102&ccb=1-7&_nc_sid=833d8c&_nc_ohc=kyOOGcmkHdsQ7kNvwHBZsDO&_nc_oc=Ado1wnbDICmp4_KB0YslXhuRxEyIhl4NqbK26Ov_uGw74WuJgtQPDujTgwfMLP-ddj8&_nc_zt=23&_nc_ht=scontent-hou1-1.xx&_nc_gid=rcPG6e1WUOuVcvtRd5Y-wQ&_nc_ss=72289&oh=00_AQDDn_aNF5Us2Eqp4LUrANe0bAoQZhr8ql7-XLBz4H73hg&oe=6A4D6BF0,2,0,1,
CDA - Centro de Diagnóstico Avançado,facebook,122260929098177828,https://www.facebook.com/CDA.Maputo/posts/pfbid0EccwATAn9ZJZuCE5bhL4DfVwtrnyz19ykKQVSfL31vgynb6D7Y7KZbFcDQb9jDHtl,2026-05-01T13:02:41.000Z,"Feliz dia do Trabalhador!

#feriado #analisesclinicas #exameslaboratoriais #consultas #Moçambique #Maputo #CDA","feriado, analisesclinicas, exameslaboratoriais, consultas, mo%C3%A7ambique, maputo, cda",https://scontent-hou1-1.xx.fbcdn.net/v/t39.30808-6/685075476_122260929074177828_4592717148378063743_n.jpg?stp=dst-jpg_tt6&cstp=mx1638x2048&ctp=s640x640&_nc_cat=106&ccb=1-7&_nc_sid=833d8c&_nc_ohc=C0DsYTQvkZQQ7kNvwGOVaxB&_nc_oc=AdoVNawss6JtidWslik18FfU9WrOf0I4Tx2V8d1N9zDusj7xBNAgt-9TV9Gu1ZKCQqo&_nc_zt=23&_nc_ht=scontent-hou1-1.xx&_nc_gid=rcPG6e1WUOuVcvtRd5Y-wQ&_nc_ss=72289&oh=00_AQDtjjV0Jvww1H0JPQJ9HekDhftaTE-9rLv0Fumjq7_JvQ&oe=6A4D632E,0,0,1,
CDA - Centro de Diagnóstico Avançado,facebook,122257874828177828,https://www.facebook.com/CDA.Maputo/posts/pfbid02HSepfdt78L5AXyhkjc6ChvNmr8oHbT7gbjysGVXVqP7eEXNm4BbrLdSF5VS9jCd7l,2026-04-07T09:26:51.000Z,"Investir na saúde da mulher é garantir a vitalidade de toda a nação. Neste 7 de Abril, celebramos a vida e a resiliência de todas as moçambicanas 🇲🇿🌻✨

#mulhermocambicana #saude #Maputo #CDA","mulhermocambicana, saude, maputo, cda",https://scontent-hou1-1.xx.fbcdn.net/v/t39.30808-6/666042437_122257874798177828_7948095424511099692_n.jpg?stp=dst-jpg_tt6&cstp=mx1694x2048&ctp=p526x296&_nc_cat=107&ccb=1-7&_nc_sid=833d8c&_nc_ohc=pdbWzRQf24AQ7kNvwHZBiGq&_nc_oc=AdrACyLBcA69GgHRfkcn73hHWJkFG75WJKGZYigNno8sRiY9Sbe6lU71shhIUBFJvBQ&_nc_zt=23&_nc_ht=scontent-hou1-1.xx&_nc_gid=rcPG6e1WUOuVcvtRd5Y-wQ&_nc_ss=72289&oh=00_AQBdDO6m_fqsg_mV4skhHE5jFyH5zE7q7EOX3JLWXSqKUw&oe=6A4D6FA2,1,0,0,
CDA - Centro de Diagnóstico Avançado,facebook,122256659546177828,https://www.facebook.com/CDA.Maputo/posts/pfbid0Z6dHLc1RBZyTdpHdAtksD2osUq6HgN2BLBaycFXA56huuPRKkrLfU5nNwQo7PTJsl,2026-03-28T17:00:42.000Z,"Feliz Dia do Médico!

Hoje celebramos aqueles que dedicam suas vidas a cuidar, salvar e trazer esperança todos os dias.

Ser médico é mais do que uma profissão — é uma missão de amor, compromisso e humanidade.

A todos os médicos, o nosso profundo respeito e gratidão pelo vosso trabalho incansável.

#diadomedico #doctorsday #saude #Maputo #CDA","diadomedico, doctorsday, saude, maputo, cda",https://scontent-hou1-1.xx.fbcdn.net/v/t39.30808-6/658139281_122256659516177828_2400008191554241679_n.jpg?stp=dst-jpg_tt6&cstp=mx1694x2048&ctp=p526x296&_nc_cat=108&ccb=1-7&_nc_sid=833d8c&_nc_ohc=otkZ2q0C01kQ7kNvwE0-NAd&_nc_oc=AdrQ5BbUj_doN2ou6pCxHyWarUEOvNbXZljOs4iK4k6QKdJ1ZC1y86EhTg4hbz7uamE&_nc_zt=23&_nc_ht=scontent-hou1-1.xx&_nc_gid=cDCot-8Ypf2c7vS44DyR2g&_nc_ss=72289&oh=00_AQDeUmiwdQ-0QBMBygeMXul18hmdKDLKVs8DwBHesY8Ydw&oe=6A4D7AF1,0,0,0,
CDA - Centro de Diagnóstico Avançado,facebook,122255586056177828,https://www.facebook.com/CDA.Maputo/posts/pfbid029decnyExFTe1UHVmmQcbhfVW2Sr61xuqFzp2BLoB15fXVEcB23xiKqSkgm84euFEl,2026-03-20T08:19:14.000Z,"✨ Neste Eid-ul-Fitr, o CDA deseja à comunidade muçulmana em todo o país votos de paz, bênçãos e prosperidade.

Após um período de fé, reflexão e disciplina, que esta celebração fortaleça a união, a solidariedade e renove os valores espirituais.

Reafirmamos o nosso compromisso com a saúde e o bem-estar completo, valorizando o equilíbrio entre corpo, mente e espírito.

Que este Eid traga esperança, harmonia e tranquilidade a todos os lares.

Eid Mubarak a todos os que caminham connosco: pacientes, equipa, parceiros e à comunidade islâmica em geral !

#Eid #alegria #celebração #Maputo #CDA","eid, alegria, celebra%C3%A7%C3%A3o, maputo, cda",https://scontent-hou1-1.xx.fbcdn.net/v/t39.30808-6/653917170_122255586032177828_5467595234075497354_n.jpg?stp=dst-jpg_tt6&cstp=mx1694x2048&ctp=p526x296&_nc_cat=106&ccb=1-7&_nc_sid=833d8c&_nc_ohc=u3H4n1wEa1kQ7kNvwGYSwxn&_nc_oc=AdoOlEjhyTQy-_DjTenaNx3sl34XzHkR8WHY5omJ0IK4j4IL1c1VCJhi3J3P2BDzHas&_nc_zt=23&_nc_ht=scontent-hou1-1.xx&_nc_gid=cDCot-8Ypf2c7vS44DyR2g&_nc_ss=72289&oh=00_AQDPqUJquBhLORQNJJZMLkuVj4lmopjMpPeHQUuMGmvsog&oe=6A4D76CE,0,0,0,
CDA - Centro de Diagnóstico Avançado,facebook,122255358260177828,https://www.facebook.com/CDA.Maputo/posts/pfbid02QAXqqveRZsyASnhNUt49qorxvnYbJReuiN7nmB9AueQDGNtGhsx7B8Jq2kRoo2JNl,2026-03-18T12:54:28.000Z,"No CDA, a sua experiência em Ressonância Magnética atinge um novo nível.  Tecnologia de ponta para garantir máximo conforto, silêncio e tranquilidade em cada exame.

Estamos prontos para cuidar de si. Faça já a sua marcação!

Cuidados especializados, cuidados de confiança

Endereço: Av. Ahmed Sekou Touré, Num. 754
Telefone: 84/82 15 30 305
Email: cdiagnosticomaputo@gmail.com

#ressonanciamagnetica #exames #consultas #Maputo #CDA","ressonanciamagnetica, exames, consultas, maputo, cda",https://scontent-hou1-1.xx.fbcdn.net/v/t39.30808-6/654802149_122255358236177828_8220131216503282030_n.jpg?stp=dst-jpg_tt6&cstp=mx1694x2048&ctp=p526x296&_nc_cat=103&ccb=1-7&_nc_sid=833d8c&_nc_ohc=L99SglHqr40Q7kNvwFnSTfD&_nc_oc=AdqtoRZBn450ZCOKacye9O1e5Bdq78sgAPjF-ejFEUltRx57xeAcH0KVFCBBObwOfQc&_nc_zt=23&_nc_ht=scontent-hou1-1.xx&_nc_gid=cDCot-8Ypf2c7vS44DyR2g&_nc_ss=72289&oh=00_AQBxrWS3PsSFTR5C5LQwMKr1lVA-gbQ45cRLREFLWFJjBQ&oe=6A4D55CA,1,0,0,
CDA - Centro de Diagnóstico Avançado,facebook,122254474292177828,https://www.facebook.com/CDA.Maputo/posts/pfbid034SZBVku3TomyWhxQuQH2Hd4NyGEVufrtXZFKZYtgue1TPtgUSpkX9C86DozWFhszl,2026-03-11T17:31:03.000Z,"AIRTEST - este teste pode ajudar a investigar sintomas como:
• Inchaço abdominal
• Gases excessivos
• Dor abdominal
• Diarreia ou obstipação
• Desconforto digestivo frequente

Com um diagnóstico correto, é possível iniciar o tratamento adequado e melhorar a sua saúde digestiva.

📞 Entre em contacto connosco para o agendamento.

Cuidados especializados, cuidados de confiança

Endereço: Av. Ahmed Sekou Touré, Num. 754
Telefone: 84/82 15 30 305
Email: cdiagnosticomaputo@gmail.com

#saudedigestiva #airtest #consultas #Maputo #CDA","saudedigestiva, airtest, consultas, maputo, cda","https://scontent-atl3-3.xx.fbcdn.net/v/t39.30808-6/651046111_122254474214177828_5164456577933587545_n.jpg?stp=dst-jpg_tt6&cstp=mx1523x1600&ctp=s590x590&_nc_cat=109&ccb=1-7&_nc_sid=833d8c&_nc_ohc=qI29wxA301MQ7kNvwGsGInj&_nc_oc=AdpIQPi26jp_g16dobgmZJ1YV0FsjuBUJ_N1SVrZPJbh9cj2V69Cmbh3WKc2kgjz5fg&_nc_zt=23&_nc_ht=scontent-atl3-3.xx&_nc_gid=HA416pdonsM7CsyfMmgW1Q&_nc_ss=72289&oh=00_AQCyTKArvMSoRLIguPTb0XoX3n6In5vUyf9x6oeTVxiaXA&oe=6A4D45BE, https://scontent-atl3-2.xx.fbcdn.net/v/t39.30808-6/649368232_122254474268177828_8836327806226187033_n.jpg?stp=dst-jpg_tt6&cstp=mx1477x1600&ctp=s590x590&_nc_cat=105&ccb=1-7&_nc_sid=833d8c&_nc_ohc=imvCeYnpr4cQ7kNvwEC8zt7&_nc_oc=Ador3z3CjWKovO6zvoiqopqQ7nUGXiZEycTGeqgFiC5jwDuHFbiXMNkPI5yLb1zqUXg&_nc_zt=23&_nc_ht=scontent-atl3-2.xx&_nc_gid=HA416pdonsM7CsyfMmgW1Q&_nc_ss=72289&oh=00_AQAkjuynwlS95_aFbNRJK4n68MHMS6NkN_hQL2u-McYjyQ&oe=6A4D604E",0,0,1,
CDA - Centro de Diagnóstico Avançado,facebook,122253879368177828,https://www.facebook.com/CDA.Maputo/posts/pfbid0WoAuYwipiVasvSZ37c9QBpoGSm148YNg7hjxszopXgXAjJMnGXZG6oE3E1BiRNHFl,2026-03-07T07:00:28.000Z,"Março Lilás: Um lembrete para colocar a sua saúde em primeiro lugar.

A prevenção contra o cancro do colo do útero começa com a informação e o diagnóstico precoce. Não deixe para depois o exame que pode mudar o seu futuro. Nossa equipa está pronta para acolher você com o cuidado e a discrição que você merece.

Cuide de você, inspire outras mulheres!

Agende agora o rastreio completo.

Endereço: Av. Ahmed Sekou Touré, Num. 754
Telefone: 84/82 15 30 305
Email: cdiagnosticomaputo@gmail.com

#rastreiocancro #coloutero #consultas #Maputo #CDA","rastreiocancro, coloutero, consultas, maputo, cda",https://scontent-atl3-3.xx.fbcdn.net/v/t39.30808-6/646539136_122253879344177828_3070267415666000645_n.jpg?stp=dst-jpg_tt6&cstp=mx1128x1600&ctp=s720x720&_nc_cat=108&ccb=1-7&_nc_sid=833d8c&_nc_ohc=kuE3wNWzOv0Q7kNvwHzcmyP&_nc_oc=Ado4XBQYzsflGjm7Mh5I7z5WYwyfuY379vAwktMkxF3eegLb-MctCsr-cM89avFRqcs&_nc_zt=23&_nc_ht=scontent-atl3-3.xx&_nc_gid=HA416pdonsM7CsyfMmgW1Q&_nc_ss=72289&oh=00_AQC1nnvEkR_t5KbU-BeJTAEdKuX5SB3IGCsKnW2cKgHFOg&oe=6A4D6CCA,1,0,0,
CDA - Centro de Diagnóstico Avançado,facebook,122253242300177828,https://www.facebook.com/CDA.Maputo/posts/pfbid0kUh8SmGN6BCAwHoHD9Fxb9V6SJKBwBna4TrG2L5hxX64fRDEhG91VS9W7pRMTiKwl,2026-03-02T14:49:05.000Z,"CDA - Ecografias 3D

Descubra cada detalhe com as nossas ecografias 3D de última geração. Imagens nítidas, segurança total e um atendimento que coloca o seu bem-estar em primeiro lugar.

A sua saúde merece o melhor. Agende já!

Cuidados especializados, cuidados de confiança

Endereço: Av. Ahmed Sekou Touré, Num. 754
Telefone: 84/82 15 30 305
Email: cdiagnosticomaputo@gmail.com

#ecografias #consultas #Maputo #CDA","ecografias, consultas, maputo, cda",https://scontent-atl3-1.xx.fbcdn.net/v/t39.30808-6/646361781_122253242276177828_81516205771757548_n.jpg?stp=dst-jpg_tt6&cstp=mx1694x2048&ctp=p526x296&_nc_cat=103&ccb=1-7&_nc_sid=833d8c&_nc_ohc=Ha25k-SEgBwQ7kNvwEsPH4M&_nc_oc=Adqya5KtT8UYvQZy7mU9GXDZhP5I-b-dhAoc8-ThCmvxFQQ5mwzvusR3hHBlOwufJKQ&_nc_zt=23&_nc_ht=scontent-atl3-1.xx&_nc_gid=HA416pdonsM7CsyfMmgW1Q&_nc_ss=72289&oh=00_AQA8IomHXVUznC7AnVfjMJ9ISARx-H7vGD0bfSBIU13gew&oe=6A4D5DCB,0,0,0,
CDA - Centro de Diagnóstico Avançado,facebook,122251480268177828,https://www.facebook.com/CDA.Maputo/posts/pfbid02YgGiwRScZhmq45Rr3mWAZUFc7YQfYcruYLYo5FEu6HdL6YcSFGiz8j155X5jy78pl,2026-02-17T15:11:35.000Z,"CDA - Serviços de Laboratório 

Na nossa clínica realizamos uma ampla variedade de testes laboratoriais com precisão e segurança. Mantenha a sua saúde sob controlo.

Visite-nos hoje!

Cuidados especializados, cuidados de confiança

Endereço: Av. Ahmed Sekou Touré, Num. 754
Telefone: 84/82 15 30 305
Email: cdiagnosticomaputo@gmail.com

#analisesclinicas #exameslaboratoriais #consultas #Maputo #CDA","analisesclinicas, exameslaboratoriais, consultas, maputo, cda","https://scontent-lga3-1.xx.fbcdn.net/v/t39.30808-6/636965618_122251480280177828_5723259932123611852_n.jpg?stp=dst-jpg_tt6&cstp=mx1694x2048&ctp=s590x590&_nc_cat=109&ccb=1-7&_nc_sid=833d8c&_nc_ohc=nA8tPRQvnGgQ7kNvwF66sgo&_nc_oc=AdoMo8hcQ8b_gLFmq_41Au38_7Vyr8Ltl3IAi6cSowy21QLucs8FZB3L-r4-SPaIVTQ&_nc_zt=23&_nc_ht=scontent-lga3-1.xx&_nc_gid=sIZoxLMFv_gacR_ytX8yFw&_nc_ss=72289&oh=00_AQC5vAZTT9mXAnWMiUF65Mjhh6KUDFuJgpqnoy8CMAIHrQ&oe=6A4D47F2, https://scontent-lga3-2.xx.fbcdn.net/v/t39.30808-6/637041606_122251480304177828_2886533617038028626_n.jpg?stp=dst-jpg_tt6&cstp=mx1694x2048&ctp=s590x590&_nc_cat=100&ccb=1-7&_nc_sid=833d8c&_nc_ohc=xatcBHn1tqUQ7kNvwHwbgGR&_nc_oc=AdomeOMsE4ifvxDHrthzAVxDKL0g96g6xzXOVC-HsjSUK_lz8DIEuYihFavogyGwVz0&_nc_zt=23&_nc_ht=scontent-lga3-2.xx&_nc_gid=sIZoxLMFv_gacR_ytX8yFw&_nc_ss=72289&oh=00_AQBBT1I0tU69_xvntb6UTedisLqcbxAKX1S7ZTS-elfoWQ&oe=6A4D5520",0,0,0,
CDA - Centro de Diagnóstico Avançado,facebook,122237703218177828,https://www.facebook.com/CDA.Maputo/posts/pfbid02GGixZaSHgVzxgwFHnKURMwESeEE19YbLj5Ug16wudw3dog75Dm3BkFDtLuz5Nz48l,2025-11-04T17:47:19.000Z,Promoção prolongada até 30 de Novembro de 2025,,https://scontent-lga3-3.xx.fbcdn.net/v/t39.30808-6/576797456_122237703230177828_7759019479268009555_n.jpg?stp=dst-jpg_tt6&cstp=mx1694x2048&ctp=p526x296&_nc_cat=108&ccb=1-7&_nc_sid=833d8c&_nc_ohc=WrfI3smeOckQ7kNvwG4x2jv&_nc_oc=AdrmnJdrSr18-j4h_VfPfQClx6CUoXVbioTNVNbuum4_uXSMDkXJUC-Go69czfsAV3U&_nc_zt=23&_nc_ht=scontent-lga3-3.xx&_nc_gid=sIZoxLMFv_gacR_ytX8yFw&_nc_ss=72289&oh=00_AQB0u1MngVC-r4IbWn3bK8Oa8cQgZ-IGNPtnoeqYIoiX7Q&oe=6A4D70D4,0,0,1,
CDA - Centro de Diagnóstico Avançado,facebook,122237278100177828,https://www.facebook.com/CDA.Maputo/posts/pfbid0dKFtFpFga7Z9ze5DuQvqfUbKT6MYbpVW6KTv7LMB48bQ44w7FA2KunSgkB28wCc6l,2025-11-01T13:03:08.000Z,"💙 Novembro Azul na nossa clínica!

Cuide-se, previna-se e aproveite as ofertas exclusivas deste mês - apenas para homens!

Contacte-nos e agende já a sua consulta.

#NovembroAzul #saúdemasculina #autocuidado #centrodediagnosticomedico #analisesclinicas #exameslaboratoriais #consultas #Moçambique #Maputo #CDA","novembroazul, sa%C3%BAdemasculina, autocuidado, centrodediagnosticomedico, analisesclinicas, exameslaboratoriais, consultas, mo%C3%A7ambique, maputo, cda",https://scontent-lga3-3.xx.fbcdn.net/v/t39.30808-6/572159115_122237278118177828_2304186429702605329_n.jpg?stp=dst-jpg_tt6&cstp=mx1694x2048&ctp=p526x296&_nc_cat=102&ccb=1-7&_nc_sid=833d8c&_nc_ohc=EgX_4BCbWdQQ7kNvwE0aR7T&_nc_oc=AdrR7W4xnrkocmhU_lg33w61SuZ-sKFoCNDCfZ07mk1j-dscxpurRY58Slb6KnnOISc&_nc_zt=23&_nc_ht=scontent-lga3-3.xx&_nc_gid=sIZoxLMFv_gacR_ytX8yFw&_nc_ss=72289&oh=00_AQD2URI3TfVDETGffsWpxIE-42Ce9JVrNBGZn6pz6kQJew&oe=6A4D45A2,27,2,1,[object Object]
CDA - Centro de Diagnóstico Avançado,facebook,122235069806177828,https://www.facebook.com/CDA.Maputo/posts/pfbid0c45xLnwaj2tiytEUVGWALsnbfshTRTqvzWR8e1nDZt8cb9LHBHX1A9MGZpk1JgFTl,2025-10-15T09:54:07.000Z,"Desconto de 15% no procedimento Core Biópsia

Aproveite, faça a marcação connosco!

Cuidados especializados, cuidados de confiança

Endereço: Av. Ahmed Sekou Touré, Num. 754
Telefone: 84/82 15 30 305
Email: cdiagnosticomaputo@gmail.com

#corebiopsia #centrodediagnosticomedico #analisesclinicas #exameslaboratoriais #consultas #Moçambique #Maputo #CDA","corebiopsia, centrodediagnosticomedico, analisesclinicas, exameslaboratoriais, consultas, mo%C3%A7ambique, maputo, cda",https://scontent-lga3-2.xx.fbcdn.net/v/t39.30808-6/561738543_122235069824177828_4393124024575300037_n.jpg?stp=dst-jpg_tt6&cstp=mx1694x2048&ctp=p526x296&_nc_cat=101&ccb=1-7&_nc_sid=833d8c&_nc_ohc=M2feXjJd9pMQ7kNvwENh8q4&_nc_oc=AdoXgvMmjbxbjhnVa9aIaXTO1sepd3Ddx8t5C1MBw7TGtc251755TQ9dWIRHm7ttJoY&_nc_zt=23&_nc_ht=scontent-lga3-2.xx&_nc_gid=Otu_B-M8globMTKLi_m8mg&_nc_ss=72289&oh=00_AQA2iNqRWdh_m2MGC1bTS4jFKXs6W1zdr5XsREgUHyVl6w&oe=6A4D6DC3,0,0,0,
CDA - Centro de Diagnóstico Avançado,facebook,122233573922177828,https://www.facebook.com/CDA.Maputo/posts/pfbid0n8grVg3AHWEmsaVL4dr31dLcMFngc5bSJbzKxa5QYAUHqZ1feqTRyRaJBdmYAtQ1l,2025-10-04T06:15:33.000Z,"Feliz dia da Paz e da Reconciliação Nacional!

#feriado #analisesclinicas #exameslaboratoriais #consultas #Moçambique #Maputo #CDA","feriado, analisesclinicas, exameslaboratoriais, consultas, mo%C3%A7ambique, maputo, cda",https://scontent-lga3-2.xx.fbcdn.net/v/t39.30808-6/558943819_122233573946177828_6750096778185529706_n.jpg?stp=dst-jpg_tt6&cstp=mx1715x2048&ctp=s600x600&_nc_cat=100&ccb=1-7&_nc_sid=833d8c&_nc_ohc=T5zY1cwmuOkQ7kNvwFqucui&_nc_oc=AdoyF3AtVAV7wQoQf4hJwEY-gFEOnb3YofRqPbRqAfJ4ZA5cZyQ1qf336uaqqP18xDI&_nc_zt=23&_nc_ht=scontent-lga3-2.xx&_nc_gid=Otu_B-M8globMTKLi_m8mg&_nc_ss=72289&oh=00_AQBPCb1x5x45_8JRbRUmx10OVVwn6pSD-5jHRywcnK1gSA&oe=6A4D6893,1,0,0,
CDA - Centro de Diagnóstico Avançado,facebook,122267110058177828,https://www.facebook.com/CDA.Maputo/posts/pfbid0hf6VZw2sYyfUDvnShcUpaVq89KGdV81gqZUMr4MJAoHfqsdC66Lz4JAkwxNGJiHMl,2026-06-25T11:42:13.000Z,"25 de Junho – Dia da Independência de Moçambique

Hoje celebramos a coragem, a determinação e o espírito de um povo que construiu a sua própria história. Que esta data nos inspire a continuar a trabalhar por um Moçambique cada vez mais forte, unido e próspero.

O CDA – Centro de Diagnóstico Avançado deseja a todos os moçambicanos um Feliz Dia da Independência, repleto de paz, saúde, esperança e conquistas.

📍 Av. Ahmed Sekou Touré, Nº 754
📞 84/82 1530 305
📧 cdiagnosticomaputo@gmail.com",,https://scontent-iad3-1.xx.fbcdn.net/v/t39.30808-6/731397606_122267110034177828_8866221674086718161_n.jpg?stp=dst-jpg_tt6&cstp=mx1694x2048&ctp=p526x296&_nc_cat=101&ccb=1-7&_nc_sid=833d8c&_nc_ohc=NyCqO_0ZJLoQ7kNvwGciULA&_nc_oc=AdpXFywKUkRLCYsiBSUIf5jYtngJvlV8OeRHD1XMF77dRx9WfBQyL6JHhAi6evrAWWg&_nc_zt=23&_nc_ht=scontent-iad3-1.xx&_nc_gid=CpRgh9vELVH10I8wObwGHQ&_nc_ss=72289&oh=00_AQBoCtYiAXDEDpTHIHEizS9dlIGiVEMY6CC4H2OnPS6y0g&oe=6A4D575C,1,0,0,
CDA - Centro de Diagnóstico Avançado,facebook,122266190186177828,https://www.facebook.com/CDA.Maputo/posts/pfbid027FF96ac5PN6U9FP342BTus8drAo6aSdcKT1xVq1pzgA85DxBNawB5R8aeX5mMGyl,2026-06-16T17:17:49.000Z,"Feliz Dia da Criança Africana! 💚

Hoje celebramos a força, a alegria, a esperança e os sonhos das crianças africanas. Cada criança merece crescer com amor, educação, saúde e oportunidades para construir um futuro melhor.

Que este dia nos inspire a proteger os direitos das crianças e a investir no seu desenvolvimento, pois elas são a riqueza mais valiosa do nosso continente.

✨ Uma criança feliz hoje é uma África mais forte amanhã.",,https://scontent-iad3-1.xx.fbcdn.net/v/t39.30808-6/724653867_122266190162177828_8813347074726968398_n.jpg?stp=dst-jpg_tt6&cstp=mx1694x2048&ctp=p526x296&_nc_cat=104&ccb=1-7&_nc_sid=833d8c&_nc_ohc=mZ9DLVxpFuoQ7kNvwGHWDeM&_nc_oc=AdpET2zLMdIL6Lnd46IDrC4vA3z1LEAWu25Le6HggAn_4pvupyeWMTqb4bDffZieNPA&_nc_zt=23&_nc_ht=scontent-iad3-1.xx&_nc_gid=CpRgh9vELVH10I8wObwGHQ&_nc_ss=72289&oh=00_AQBAz-3HmQ4jl6tT37QwWTAhS41_Rg7cM7d4tFJ7rsMUxw&oe=6A4D64D2,0,0,0,
CDA - Centro de Diagnóstico Avançado,facebook,122265037334177828,https://www.facebook.com/CDA.Maputo/posts/pfbid02mHYSCV9WvjNcBEXwUpUu2q2ed76Uo243tifHAuYKgZcNfrnwGiNBhhFxBjKk73Hcl,2026-06-06T06:21:46.000Z,"O COLESTEROL ALTO PODE NÃO DAR SINAIS!

Mesmo sem sintomas, o colesterol elevado pode bloquear as artérias e aumentar o risco de problemas cardíacos e AVC.

✅ Faça exames regularmente
✅ Monitore sua saúde com precisão
✅ Previna complicações futuras
✅ Atendimento rápido e confiável

🩺 Cuidar hoje é evitar problemas amanhã. Não espere os sintomas aparecerem!

📞 Agende já o seu exame: 84/82 1530 305
📧 cdiagnosticomaputo@gmail.com
📍 Av. Ahmed Sekou Toure, N754 – Maputo

#colesterol #exameslaboratoriais #consultas #Maputo #CDA","colesterol, exameslaboratoriais, consultas, maputo, cda",https://scontent-iad6-1.xx.fbcdn.net/v/t39.30808-6/718139569_122265037304177828_5348761618820780545_n.jpg?stp=dst-jpg_tt6&cstp=mx1694x2048&ctp=p526x296&_nc_cat=109&ccb=1-7&_nc_sid=833d8c&_nc_ohc=tUNm8TMZEJ0Q7kNvwE7fp9r&_nc_oc=Adrohddn1nMqIwW3xvpcaSKZj1x82GQRIQeYHhqb2lRMdy7Er7LtDsjw9v_P6Irsb6A&_nc_zt=23&_nc_ht=scontent-iad6-1.xx&_nc_gid=CpRgh9vELVH10I8wObwGHQ&_nc_ss=72289&oh=00_AQB5WcLVb2ankiCErjxqCesV6NMNRHkL5DuJtwvToZgICw&oe=6A4D786E,0,0,0,
CDA - Centro de Diagnóstico Avançado,facebook,122264528948177828,https://www.facebook.com/CDA.Maputo/posts/pfbid027Ubx3gRuRoMHZP7fuPX6PEE5XYVMKJEQ1YKYYu3Qusq3CrAhofb3ek11h49mRaUYl,2026-06-01T09:51:08.000Z,"FELIZ DIA DAS CRIANÇAS! 🎈

Cada sorriso, cada brincadeira e cada sonho representam a esperança de um futuro melhor. Neste Dia das Crianças, celebramos a alegria, a inocência e a força que tornam cada criança especial.

💙 Cuidar de uma criança é cuidar do amanhã.

O CDA – Centro de Diagnóstico Avançado deseja um dia repleto de felicidade, saúde e momentos inesquecíveis para todas as crianças e suas famílias.

📞 84/82 1530 305
📍 Av. Ahmed Sekou Touré, N° 754
📧 cdiagnosticomaputo@gmail.com",,https://scontent-phl2-1.xx.fbcdn.net/v/t39.30808-6/711630915_122264528924177828_3137540745489044182_n.jpg?stp=dst-jpg_tt6&cstp=mx1694x2048&ctp=p526x296&_nc_cat=103&ccb=1-7&_nc_sid=833d8c&_nc_ohc=k_Omejh5FZEQ7kNvwFr4zgG&_nc_oc=AdqymrYRTFLWkD7XtP10sWKkBtOqWYh0GF5U99UUxZitKM6JhOoVWYdNrU9HAP50iW8&_nc_zt=23&_nc_ht=scontent-phl2-1.xx&_nc_gid=5KDG-IsH8PWEYiXUFMykag&_nc_ss=72289&oh=00_AQAS8COhkU2XUDyLENx75wghMTQhPzTikrltaatkQQvRVw&oe=6A4D7794,0,0,0,
CDA - Centro de Diagnóstico Avançado,facebook,122264290436177828,https://www.facebook.com/CDA.Maputo/posts/pfbid0s2xjwDcWqHWEk1eL6s88Dph8ybyMYCxTdyNnK1fnWuomSEoYfChHGNZ4GVx7ubTxl,2026-05-30T07:11:45.000Z,"DIABETES PODEM SURGIR EM SILÊNCIO!

Sede excessiva, cansaço constante, perda de peso e visão turva podem ser sinais de alerta. Não espere os sintomas piorarem para cuidar da sua saúde.

✅ Faça o teste de diabetes regularmente
✅ Previna complicações nos rins, coração e visão
✅ Diagnóstico rápido e confiável
✅ Atendimento profissional e seguro

🩺 Detectar cedo pode salvar a sua saúde e melhorar a sua qualidade de vida.

📞 Marque já o seu exame: 84/82 1530 305
📧 cdiagnosticomaputo@gmail.com
📍 Av. Ahmed Sekou Toure, N754 – Maputo

#diabetes #exameslaboratoriais #consultas #Maputo #CDA","diabetes, exameslaboratoriais, consultas, maputo, cda",https://scontent-phl2-1.xx.fbcdn.net/v/t39.30808-6/709101612_122264290406177828_1086124072645286730_n.jpg?stp=dst-jpg_tt6&cstp=mx1694x2048&ctp=p526x296&_nc_cat=104&ccb=1-7&_nc_sid=833d8c&_nc_ohc=U1AHv8sVqnwQ7kNvwFOw8IW&_nc_oc=Ado1AcSXEaSBfladQ93u1FN_5Sr9wOQkKvVR8dsW2BGAoUrtSbRyYVexFM8IJG9HRE8&_nc_zt=23&_nc_ht=scontent-phl2-1.xx&_nc_gid=5KDG-IsH8PWEYiXUFMykag&_nc_ss=72289&oh=00_AQB-E-PdsnUqGvW2XWUxyFZDx0_UWDUhbtghu8FVYavFbw&oe=6A4D4799,0,0,0,
CDA - Centro de Diagnóstico Avançado,facebook,122264008604177828,https://www.facebook.com/CDA.Maputo/posts/pfbid0W2BFGgQn4rwNDGmcDomvco8RdvyGs6ANkPGE8FSxdWuQak9GQSvw6bpFk7PuGqrkl,2026-05-27T12:27:39.000Z,"HIPERTENSÃO: O INIMIGO SILENCIOSO!

Muitas pessoas vivem com pressão alta sem saber… e quando os sintomas aparecem, os riscos podem ser graves.

⚠️ A hipertensão pode causar:
❌ AVC
❌ Problemas cardíacos
❌ Danos nos rins
❌ Complicações graves de saúde

✅ Faça os seus exames regularmente
✅ Controle a sua pressão arterial
✅ Cuide da sua saúde antes que seja tarde

📞 Marque já a sua consulta: 84/82 1530 305
📧 cdiagnosticomaputo@gmail.com
📍 Av. Ahmed Sekou Toure, N754 – Maputo

#hipertensao #exameslaboratoriais #consultas #Maputo #CDA","hipertensao, exameslaboratoriais, consultas, maputo, cda",https://scontent-phl2-1.xx.fbcdn.net/v/t39.30808-6/708953137_122264008526177828_8855237810891201695_n.jpg?stp=dst-jpg_tt6&cstp=mx1694x2048&ctp=p526x296&_nc_cat=105&ccb=1-7&_nc_sid=833d8c&_nc_ohc=uFH3sPGSuioQ7kNvwEL8fmC&_nc_oc=Adp23Ast5BUcapbJmu5GW-SArpFa4RwJGQx4W5rr5WCQHqnZnVSodvyBTlQh-RfohFU&_nc_zt=23&_nc_ht=scontent-phl2-1.xx&_nc_gid=5KDG-IsH8PWEYiXUFMykag&_nc_ss=72289&oh=00_AQCHoCT0IIJdEJF5mKpu2-R6eCdUoK6VEeM3FuRtCZ3AzA&oe=6A4D7853,0,0,0,
CDA - Centro de Diagnóstico Avançado,facebook,122263813418177828,https://www.facebook.com/CDA.Maputo/posts/pfbid02K15WCDAPyYf9w2zkFp9jEyx7MXunworTBW6Ff55yzonYyuNpihGereRDFo7FBagql,2026-05-25T17:25:47.000Z,"NÃO IGNORE OS SINAIS DO SEU CORPO!

Ardor ao urinar? Dor nos rins? Urina com cheiro forte ou cor diferente?

Faça já o seu EXAME COMPLETO DE URINA e descubra possíveis infecções e problemas renais antes que se agravem.

✅ Atendimento rápido
✅ Resultados confiáveis
✅ Profissionais qualificados
✅ Ambiente seguro e moderno

📞 CONTACTE-NOS: 84/82 1530 305
📧 cdiagnosticomaputo@gmail.com
📍 Av. Ahmed Sekou Toure, N754 – Maputo

#urina #exameslaboratoriais #consultas #Maputo #CDA","urina, exameslaboratoriais, consultas, maputo, cda",https://scontent.fcae1-1.fna.fbcdn.net/v/t39.30808-6/706981983_122263813394177828_7944769672565509882_n.jpg?stp=dst-jpg_tt6&cstp=mx1694x2048&ctp=p526x296&_nc_cat=102&ccb=1-7&_nc_sid=833d8c&_nc_ohc=kyOOGcmkHdsQ7kNvwENzf2c&_nc_oc=AdpYILydDcaCwLmAl410Fsj29qpNrxA_Bm9NOS5gBfvYkFQgPiUvg8WMvAA0fj3XRHo&_nc_zt=23&_nc_ht=scontent.fcae1-1.fna&_nc_gid=bH4nncs668qnzR7KXeVXtA&_nc_ss=72289&oh=00_AQC0WuMczQlpFe6YnLwR4kieUGHh4tPUhgzhriGqwNUSeQ&oe=6A4D6BF0,2,0,1,
CDA - Centro de Diagnóstico Avançado,facebook,122260929098177828,https://www.facebook.com/CDA.Maputo/posts/pfbid0EccwATAn9ZJZuCE5bhL4DfVwtrnyz19ykKQVSfL31vgynb6D7Y7KZbFcDQb9jDHtl,2026-05-01T13:02:41.000Z,"Feliz dia do Trabalhador!

#feriado #analisesclinicas #exameslaboratoriais #consultas #Moçambique #Maputo #CDA","feriado, analisesclinicas, exameslaboratoriais, consultas, mo%C3%A7ambique, maputo, cda",https://scontent.fcae1-1.fna.fbcdn.net/v/t39.30808-6/685075476_122260929074177828_4592717148378063743_n.jpg?stp=dst-jpg_tt6&cstp=mx1638x2048&ctp=s640x640&_nc_cat=106&ccb=1-7&_nc_sid=833d8c&_nc_ohc=C0DsYTQvkZQQ7kNvwGOauZ7&_nc_oc=Adry7wufDrILw1KWna-YoAZ42Eixb1jU8t3lIfjws-MK2x1HFPA58Erf7KVhQ7ZVOTU&_nc_zt=23&_nc_ht=scontent.fcae1-1.fna&_nc_gid=bH4nncs668qnzR7KXeVXtA&_nc_ss=72289&oh=00_AQAWHf3Yx_RIL9hDByIzEKuxZOkittS57O_BrGZBmcoXaQ&oe=6A4D632E,0,0,1,
CDA - Centro de Diagnóstico Avançado,facebook,122257874828177828,https://www.facebook.com/CDA.Maputo/posts/pfbid02HSepfdt78L5AXyhkjc6ChvNmr8oHbT7gbjysGVXVqP7eEXNm4BbrLdSF5VS9jCd7l,2026-04-07T09:26:51.000Z,"Investir na saúde da mulher é garantir a vitalidade de toda a nação. Neste 7 de Abril, celebramos a vida e a resiliência de todas as moçambicanas 🇲🇿🌻✨

#mulhermocambicana #saude #Maputo #CDA","mulhermocambicana, saude, maputo, cda",https://scontent.fcae1-1.fna.fbcdn.net/v/t39.30808-6/666042437_122257874798177828_7948095424511099692_n.jpg?stp=dst-jpg_tt6&cstp=mx1694x2048&ctp=p526x296&_nc_cat=107&ccb=1-7&_nc_sid=833d8c&_nc_ohc=pdbWzRQf24AQ7kNvwHUN4pi&_nc_oc=Adrfv4BId1Td8LVcR_BoahveG54LeM98Rh5wPwwpzLjwM4C6-GEzEm1V0Z3ESNzVA6A&_nc_zt=23&_nc_ht=scontent.fcae1-1.fna&_nc_gid=bH4nncs668qnzR7KXeVXtA&_nc_ss=72289&oh=00_AQDs5j5tqB6_3zbbt79-KsB8O8iL35a62R7XiOe5SX01hw&oe=6A4D6FA2,1,0,0,
CDA - Centro de Diagnóstico Avançado,facebook,122256659546177828,https://www.facebook.com/CDA.Maputo/posts/pfbid0Z6dHLc1RBZyTdpHdAtksD2osUq6HgN2BLBaycFXA56huuPRKkrLfU5nNwQo7PTJsl,2026-03-28T17:00:42.000Z,"Feliz Dia do Médico!

Hoje celebramos aqueles que dedicam suas vidas a cuidar, salvar e trazer esperança todos os dias.

Ser médico é mais do que uma profissão — é uma missão de amor, compromisso e humanidade.

A todos os médicos, o nosso profundo respeito e gratidão pelo vosso trabalho incansável.

#diadomedico #doctorsday #saude #Maputo #CDA","diadomedico, doctorsday, saude, maputo, cda",https://scontent-phl2-1.xx.fbcdn.net/v/t39.30808-6/658139281_122256659516177828_2400008191554241679_n.jpg?stp=dst-jpg_tt6&cstp=mx1694x2048&ctp=p526x296&_nc_cat=108&ccb=1-7&_nc_sid=833d8c&_nc_ohc=otkZ2q0C01kQ7kNvwG2cwz3&_nc_oc=AdrZuBWFUVcIU1T4gO0xHj7mrDC1ucYI3nyFI53wVf03mYNIwDq3fle_u-2wotH77zk&_nc_zt=23&_nc_ht=scontent-phl2-1.xx&_nc_gid=HSNS2c8cmqFFpYCOFIzMmA&_nc_ss=72289&oh=00_AQCmfkQzgk0Ch0-1W4QJGLuyjvba9d6v9dfLrbrIAWE5_Q&oe=6A4D7AF1,0,0,0,
CDA - Centro de Diagnóstico Avançado,facebook,122255586056177828,https://www.facebook.com/CDA.Maputo/posts/pfbid029decnyExFTe1UHVmmQcbhfVW2Sr61xuqFzp2BLoB15fXVEcB23xiKqSkgm84euFEl,2026-03-20T08:19:14.000Z,"✨ Neste Eid-ul-Fitr, o CDA deseja à comunidade muçulmana em todo o país votos de paz, bênçãos e prosperidade.

Após um período de fé, reflexão e disciplina, que esta celebração fortaleça a união, a solidariedade e renove os valores espirituais.

Reafirmamos o nosso compromisso com a saúde e o bem-estar completo, valorizando o equilíbrio entre corpo, mente e espírito.

Que este Eid traga esperança, harmonia e tranquilidade a todos os lares.

Eid Mubarak a todos os que caminham connosco: pacientes, equipa, parceiros e à comunidade islâmica em geral !

#Eid #alegria #celebração #Maputo #CDA","eid, alegria, celebra%C3%A7%C3%A3o, maputo, cda",https://scontent-phl2-1.xx.fbcdn.net/v/t39.30808-6/653917170_122255586032177828_5467595234075497354_n.jpg?stp=dst-jpg_tt6&cstp=mx1694x2048&ctp=p526x296&_nc_cat=106&ccb=1-7&_nc_sid=833d8c&_nc_ohc=u3H4n1wEa1kQ7kNvwEOHqsA&_nc_oc=AdqVesc4oTmRDVUKFMhTHdauMFh22NUYL4pXX24FwU5jf0CDW50JEG0ys4z4VqHxZ4g&_nc_zt=23&_nc_ht=scontent-phl2-1.xx&_nc_gid=HSNS2c8cmqFFpYCOFIzMmA&_nc_ss=72289&oh=00_AQA9YefRql70nJqZXtPR2RDwxpqkXZ0nhBI40mTwu2VWvQ&oe=6A4D76CE,0,0,0,
CDA - Centro de Diagnóstico Avançado,facebook,122255358260177828,https://www.facebook.com/CDA.Maputo/posts/pfbid02QAXqqveRZsyASnhNUt49qorxvnYbJReuiN7nmB9AueQDGNtGhsx7B8Jq2kRoo2JNl,2026-03-18T12:54:28.000Z,"No CDA, a sua experiência em Ressonância Magnética atinge um novo nível.  Tecnologia de ponta para garantir máximo conforto, silêncio e tranquilidade em cada exame.

Estamos prontos para cuidar de si. Faça já a sua marcação!

Cuidados especializados, cuidados de confiança

Endereço: Av. Ahmed Sekou Touré, Num. 754
Telefone: 84/82 15 30 305
Email: cdiagnosticomaputo@gmail.com

#ressonanciamagnetica #exames #consultas #Maputo #CDA","ressonanciamagnetica, exames, consultas, maputo, cda",https://scontent-phl2-1.xx.fbcdn.net/v/t39.30808-6/654802149_122255358236177828_8220131216503282030_n.jpg?stp=dst-jpg_tt6&cstp=mx1694x2048&ctp=p526x296&_nc_cat=103&ccb=1-7&_nc_sid=833d8c&_nc_ohc=L99SglHqr40Q7kNvwF_5Ac8&_nc_oc=AdpqvIYiiY4qgycssLYyyP3VbI22zNcjH9bQw8MkVRLzHDUSZl8BY-doCjBdSqDBihA&_nc_zt=23&_nc_ht=scontent-phl2-1.xx&_nc_gid=HSNS2c8cmqFFpYCOFIzMmA&_nc_ss=72289&oh=00_AQAg6RnQBlGTTgP7y9_qNX2J9Hi5MIzxvTuCJ6-_LWvEKw&oe=6A4D55CA,1,0,0,
CDA - Centro de Diagnóstico Avançado,facebook,122254474292177828,https://www.facebook.com/CDA.Maputo/posts/pfbid034SZBVku3TomyWhxQuQH2Hd4NyGEVufrtXZFKZYtgue1TPtgUSpkX9C86DozWFhszl,2026-03-11T17:31:03.000Z,"AIRTEST - este teste pode ajudar a investigar sintomas como:
• Inchaço abdominal
• Gases excessivos
• Dor abdominal
• Diarreia ou obstipação
• Desconforto digestivo frequente

Com um diagnóstico correto, é possível iniciar o tratamento adequado e melhorar a sua saúde digestiva.

📞 Entre em contacto connosco para o agendamento.

Cuidados especializados, cuidados de confiança

Endereço: Av. Ahmed Sekou Touré, Num. 754
Telefone: 84/82 15 30 305
Email: cdiagnosticomaputo@gmail.com

#saudedigestiva #airtest #consultas #Maputo #CDA","saudedigestiva, airtest, consultas, maputo, cda","https://scontent-ord5-3.xx.fbcdn.net/v/t39.30808-6/651046111_122254474214177828_5164456577933587545_n.jpg?stp=dst-jpg_tt6&cstp=mx1523x1600&ctp=s590x590&_nc_cat=109&ccb=1-7&_nc_sid=833d8c&_nc_ohc=qI29wxA301MQ7kNvwGanxMn&_nc_oc=AdrXKotb_LqPGBH5ZFqJAFk-G5Wzcoaw4OKpRUA7QpmhiW8B9LSBaSr0ouhj_FP2RMM&_nc_zt=23&_nc_ht=scontent-ord5-3.xx&_nc_gid=vrCn456WfTv1HvOIm-uQyA&_nc_ss=72289&oh=00_AQCD9YP5maQlWxFTX14IgvV8ap6CKfpJJxMNAa47GYvAeQ&oe=6A4D45BE, https://scontent-ord5-2.xx.fbcdn.net/v/t39.30808-6/649368232_122254474268177828_8836327806226187033_n.jpg?stp=dst-jpg_tt6&cstp=mx1477x1600&ctp=s590x590&_nc_cat=105&ccb=1-7&_nc_sid=833d8c&_nc_ohc=imvCeYnpr4cQ7kNvwGllCWG&_nc_oc=AdqcDeOctUPwiUt8hJN-6BQ7gI4-ZdlnmeyKnb1FHtz0nOW0ZscyvRHR5MxsWotqn5s&_nc_zt=23&_nc_ht=scontent-ord5-2.xx&_nc_gid=vrCn456WfTv1HvOIm-uQyA&_nc_ss=72289&oh=00_AQCfdv5zzxFzoGUBS1PgrBiam3eKwLjkNy1Vtu8KEiZuew&oe=6A4D604E",0,0,1,
CDA - Centro de Diagnóstico Avançado,facebook,122253879368177828,https://www.facebook.com/CDA.Maputo/posts/pfbid0WoAuYwipiVasvSZ37c9QBpoGSm148YNg7hjxszopXgXAjJMnGXZG6oE3E1BiRNHFl,2026-03-07T07:00:28.000Z,"Março Lilás: Um lembrete para colocar a sua saúde em primeiro lugar.

A prevenção contra o cancro do colo do útero começa com a informação e o diagnóstico precoce. Não deixe para depois o exame que pode mudar o seu futuro. Nossa equipa está pronta para acolher você com o cuidado e a discrição que você merece.

Cuide de você, inspire outras mulheres!

Agende agora o rastreio completo.

Endereço: Av. Ahmed Sekou Touré, Num. 754
Telefone: 84/82 15 30 305
Email: cdiagnosticomaputo@gmail.com

#rastreiocancro #coloutero #consultas #Maputo #CDA","rastreiocancro, coloutero, consultas, maputo, cda",https://scontent-ord5-1.xx.fbcdn.net/v/t39.30808-6/646539136_122253879344177828_3070267415666000645_n.jpg?stp=dst-jpg_tt6&cstp=mx1128x1600&ctp=s720x720&_nc_cat=108&ccb=1-7&_nc_sid=833d8c&_nc_ohc=kuE3wNWzOv0Q7kNvwHhrfrI&_nc_oc=AdrnZ_4VBb_j6QxLqBb-3k6LbyrkcJP_gmXqfw0JqfSszP3WsmfcZOs2JCJ2JPqVNi8&_nc_zt=23&_nc_ht=scontent-ord5-1.xx&_nc_gid=vrCn456WfTv1HvOIm-uQyA&_nc_ss=72289&oh=00_AQB5D-RUvNZ_aV5H5EygX0pwWwE-LCzNGt_CQKyQRZVY-A&oe=6A4D6CCA,1,0,0,
CDA - Centro de Diagnóstico Avançado,facebook,122253242300177828,https://www.facebook.com/CDA.Maputo/posts/pfbid0kUh8SmGN6BCAwHoHD9Fxb9V6SJKBwBna4TrG2L5hxX64fRDEhG91VS9W7pRMTiKwl,2026-03-02T14:49:05.000Z,"CDA - Ecografias 3D

Descubra cada detalhe com as nossas ecografias 3D de última geração. Imagens nítidas, segurança total e um atendimento que coloca o seu bem-estar em primeiro lugar.

A sua saúde merece o melhor. Agende já!

Cuidados especializados, cuidados de confiança

Endereço: Av. Ahmed Sekou Touré, Num. 754
Telefone: 84/82 15 30 305
Email: cdiagnosticomaputo@gmail.com

#ecografias #consultas #Maputo #CDA","ecografias, consultas, maputo, cda",https://scontent-ord5-2.xx.fbcdn.net/v/t39.30808-6/646361781_122253242276177828_81516205771757548_n.jpg?stp=dst-jpg_tt6&cstp=mx1694x2048&ctp=p526x296&_nc_cat=103&ccb=1-7&_nc_sid=833d8c&_nc_ohc=Ha25k-SEgBwQ7kNvwHdR0iB&_nc_oc=AdqbzvN-xphePaqD5SjMdYwgKcdRbih2-LoZbrkqQq32MmDmvdk9f1zx7Uqd9xvM4H4&_nc_zt=23&_nc_ht=scontent-ord5-2.xx&_nc_gid=vrCn456WfTv1HvOIm-uQyA&_nc_ss=72289&oh=00_AQBXZ_9bxoqqWPwFDfWhMvw959ELAT1zeok-z5sY_v_vcg&oe=6A4D5DCB,0,0,0,
CDA - Centro de Diagnóstico Avançado,facebook,122251480268177828,https://www.facebook.com/CDA.Maputo/posts/pfbid02YgGiwRScZhmq45Rr3mWAZUFc7YQfYcruYLYo5FEu6HdL6YcSFGiz8j155X5jy78pl,2026-02-17T15:11:35.000Z,"CDA - Serviços de Laboratório 

Na nossa clínica realizamos uma ampla variedade de testes laboratoriais com precisão e segurança. Mantenha a sua saúde sob controlo.

Visite-nos hoje!

Cuidados especializados, cuidados de confiança

Endereço: Av. Ahmed Sekou Touré, Num. 754
Telefone: 84/82 15 30 305
Email: cdiagnosticomaputo@gmail.com

#analisesclinicas #exameslaboratoriais #consultas #Maputo #CDA","analisesclinicas, exameslaboratoriais, consultas, maputo, cda","https://scontent-hou1-1.xx.fbcdn.net/v/t39.30808-6/636965618_122251480280177828_5723259932123611852_n.jpg?stp=dst-jpg_tt6&cstp=mx1694x2048&ctp=s590x590&_nc_cat=109&ccb=1-7&_nc_sid=833d8c&_nc_ohc=nA8tPRQvnGgQ7kNvwFXfngy&_nc_oc=Adrm7t_u8XlrvSDEzniSvEgpU3LfOyCSuUFyICJHo2Dq7LADxCyZIkGnQPuZFb0zT5g&_nc_zt=23&_nc_ht=scontent-hou1-1.xx&_nc_gid=svVcqDq6qEvosL6nsL92PQ&_nc_ss=72289&oh=00_AQC0OafMPzonYVJdKSt3evgxNR8Kl1RB2kjh1uYT0LyC9w&oe=6A4D47F2, https://scontent-hou1-1.xx.fbcdn.net/v/t39.30808-6/637041606_122251480304177828_2886533617038028626_n.jpg?stp=dst-jpg_tt6&cstp=mx1694x2048&ctp=s590x590&_nc_cat=100&ccb=1-7&_nc_sid=833d8c&_nc_ohc=xatcBHn1tqUQ7kNvwH5C3Hd&_nc_oc=AdraJtfMt2qiCmktSlPD2DtJRtYmGmJFWYQX1-0QZKXLpSRKGqTZ7zg3QP2Q-ln9kMA&_nc_zt=23&_nc_ht=scontent-hou1-1.xx&_nc_gid=svVcqDq6qEvosL6nsL92PQ&_nc_ss=72289&oh=00_AQBLCv-vafTjP2cBeCWJpLZIIkvLeD39D6e7-fvJXl0D1w&oe=6A4D5520",0,0,0,
CDA - Centro de Diagnóstico Avançado,facebook,122237703218177828,https://www.facebook.com/CDA.Maputo/posts/pfbid02GGixZaSHgVzxgwFHnKURMwESeEE19YbLj5Ug16wudw3dog75Dm3BkFDtLuz5Nz48l,2025-11-04T17:47:19.000Z,Promoção prolongada até 30 de Novembro de 2025,,https://scontent-hou1-1.xx.fbcdn.net/v/t39.30808-6/576797456_122237703230177828_7759019479268009555_n.jpg?stp=dst-jpg_tt6&cstp=mx1694x2048&ctp=p526x296&_nc_cat=108&ccb=1-7&_nc_sid=833d8c&_nc_ohc=WrfI3smeOckQ7kNvwGvnmZs&_nc_oc=AdqCaWl9o-1QCkGO7obows1cOhGJpQB9h53acFr9pvF105s-T9k9BupCX_wCfQzmRwA&_nc_zt=23&_nc_ht=scontent-hou1-1.xx&_nc_gid=svVcqDq6qEvosL6nsL92PQ&_nc_ss=72289&oh=00_AQCYJb1SwXRs2ev8uF3j34DDRpaPwQcsdA26-mNOp8SxKg&oe=6A4D70D4,0,0,1,
CDA - Centro de Diagnóstico Avançado,facebook,122237278100177828,https://www.facebook.com/CDA.Maputo/posts/pfbid0dKFtFpFga7Z9ze5DuQvqfUbKT6MYbpVW6KTv7LMB48bQ44w7FA2KunSgkB28wCc6l,2025-11-01T13:03:08.000Z,"💙 Novembro Azul na nossa clínica!

Cuide-se, previna-se e aproveite as ofertas exclusivas deste mês - apenas para homens!

Contacte-nos e agende já a sua consulta.

#NovembroAzul #saúdemasculina #autocuidado #centrodediagnosticomedico #analisesclinicas #exameslaboratoriais #consultas #Moçambique #Maputo #CDA","novembroazul, sa%C3%BAdemasculina, autocuidado, centrodediagnosticomedico, analisesclinicas, exameslaboratoriais, consultas, mo%C3%A7ambique, maputo, cda",https://scontent-hou1-1.xx.fbcdn.net/v/t39.30808-6/572159115_122237278118177828_2304186429702605329_n.jpg?stp=dst-jpg_tt6&cstp=mx1694x2048&ctp=p526x296&_nc_cat=102&ccb=1-7&_nc_sid=833d8c&_nc_ohc=EgX_4BCbWdQQ7kNvwFmj6MS&_nc_oc=AdrM4Gu7whdM7xdEUE0J88WsG5mGnGAkOY1pYEAt4ljIIZA82TTBsfppEPGhoR9RZDo&_nc_zt=23&_nc_ht=scontent-hou1-1.xx&_nc_gid=svVcqDq6qEvosL6nsL92PQ&_nc_ss=72289&oh=00_AQBLysRtrFOF_iR3OlLeLZgRvbA_TtkV-PBzvD8OoqaQfw&oe=6A4D7DE2,27,2,1,[object Object]
CDA - Centro de Diagnóstico Avançado,facebook,122235069806177828,https://www.facebook.com/CDA.Maputo/posts/pfbid0c45xLnwaj2tiytEUVGWALsnbfshTRTqvzWR8e1nDZt8cb9LHBHX1A9MGZpk1JgFTl,2025-10-15T09:54:07.000Z,"Desconto de 15% no procedimento Core Biópsia

Aproveite, faça a marcação connosco!

Cuidados especializados, cuidados de confiança

Endereço: Av. Ahmed Sekou Touré, Num. 754
Telefone: 84/82 15 30 305
Email: cdiagnosticomaputo@gmail.com

#corebiopsia #centrodediagnosticomedico #analisesclinicas #exameslaboratoriais #consultas #Moçambique #Maputo #CDA","corebiopsia, centrodediagnosticomedico, analisesclinicas, exameslaboratoriais, consultas, mo%C3%A7ambique, maputo, cda",https://scontent-mia5-1.xx.fbcdn.net/v/t39.30808-6/561738543_122235069824177828_4393124024575300037_n.jpg?stp=dst-jpg_tt6&cstp=mx1694x2048&ctp=p526x296&_nc_cat=101&ccb=1-7&_nc_sid=833d8c&_nc_ohc=M2feXjJd9pMQ7kNvwEuW6s0&_nc_oc=Adqegi8BkmbzttVVQ72V4rkdK0OrQAGH8hrmKAeTfcSC1cNfCZE9fHvSpacms_XZBcw&_nc_zt=23&_nc_ht=scontent-mia5-1.xx&_nc_gid=jyX11VHLDjK2nPEDRkqo5A&_nc_ss=72289&oh=00_AQCUXkZl_PHRmDQQ2jJXjTOTWwjrl1mClp68le_bs7ZxJg&oe=6A4D6DC3,0,0,0,
CDA - Centro de Diagnóstico Avançado,facebook,122233573922177828,https://www.facebook.com/CDA.Maputo/posts/pfbid0n8grVg3AHWEmsaVL4dr31dLcMFngc5bSJbzKxa5QYAUHqZ1feqTRyRaJBdmYAtQ1l,2025-10-04T06:15:33.000Z,"Feliz dia da Paz e da Reconciliação Nacional!

#feriado #analisesclinicas #exameslaboratoriais #consultas #Moçambique #Maputo #CDA","feriado, analisesclinicas, exameslaboratoriais, consultas, mo%C3%A7ambique, maputo, cda",https://scontent-mia5-2.xx.fbcdn.net/v/t39.30808-6/558943819_122233573946177828_6750096778185529706_n.jpg?stp=dst-jpg_tt6&cstp=mx1715x2048&ctp=s600x600&_nc_cat=100&ccb=1-7&_nc_sid=833d8c&_nc_ohc=T5zY1cwmuOkQ7kNvwFGuirU&_nc_oc=AdqOYqXVNCCJykHCs190ToXy_6YCy9JQuk-Q5F68U5UydeOC4UbccOwAuOK5xZwQdoo&_nc_zt=23&_nc_ht=scontent-mia5-2.xx&_nc_gid=jyX11VHLDjK2nPEDRkqo5A&_nc_ss=72289&oh=00_AQAEcsYtwR2aae0Wad5rXegZqWyRsw4D7lSt8vnIXrzjUA&oe=6A4D6893,1,0,0,
Nura Skincare / K-Beauty Shop,instagram,3935253356454967720,https://www.instagram.com/p/Dac1BPsqXmo/,2026-07-06T11:55:12.000Z,“Dá vontade de usar. E ainda trata a pele.” @vtcosmetics_global  #vtcosmetics #kbeauty #nuraskincaremoz #acidoazelaico,"vtcosmetics, kbeauty, nuraskincaremoz, acidoazelaico",https://scontent-lax3-1.cdninstagram.com/v/t51.82787-15/736207218_17903230605455086_2684909734197591886_n.jpg?stp=dst-jpg_e15_tt6&_nc_ht=scontent-lax3-1.cdninstagram.com&_nc_cat=110&_nc_oc=Q6cZ2gGqlzYe_EUM_jZPAh4eaHIRwy5Q364tdpI3y2HZKvQ0AxAUPqY4QncdMW2BWw-ZhKE&_nc_ohc=5BBm2mU1bbgQ7kNvwHM4inm&_nc_gid=rdN9jEZm-Ic6Rrswj43K8w&edm=APU89FABAAAA&ccb=7-5&oh=00_AQAnb7o0Cx1oe7sxcfSUf105OSNExb7YTYT2jZ6UjZHf6g&oe=6A519974&_nc_sid=bc0c2c,18,0,0,
Nura Skincare / K-Beauty Shop,instagram,3933132900675037058,https://www.instagram.com/p/DaVS4jXIyeC/,2026-07-03T13:43:40.000Z,A Copa é de futebol… a nossa é de skincare. 🧴🏆. 📍maputo avenida vlademir lenine enfrente ao mozabanco.  #skincarecoreano #nuraskincaremoz,"skincarecoreano, nuraskincaremoz",https://scontent-lax3-1.cdninstagram.com/v/t51.82787-15/731482107_17902813632455086_6375979591557639145_n.jpg?stp=dst-jpg_e15_tt6&_nc_ht=scontent-lax3-1.cdninstagram.com&_nc_cat=110&_nc_oc=Q6cZ2gGqlzYe_EUM_jZPAh4eaHIRwy5Q364tdpI3y2HZKvQ0AxAUPqY4QncdMW2BWw-ZhKE&_nc_ohc=Gf5kgB_lGncQ7kNvwH57f_X&_nc_gid=rdN9jEZm-Ic6Rrswj43K8w&edm=APU89FABAAAA&ccb=7-5&oh=00_AQAyjsqe_zQot6obUvEbkZ5ghrtyarHRFGf9xjdUNdb8xw&oe=6A519D0A&_nc_sid=bc0c2c,84,9,0,
Nura Skincare / K-Beauty Shop,instagram,3932364008281333666,https://www.instagram.com/p/DaSkDshI9-i/,2026-07-02T12:12:42.000Z,Your glow starts here. E nós estamos aqui para te ajudar a encontrar a rotina perfeita para a tua pele. 🤍,,https://scontent-lax3-1.cdninstagram.com/v/t51.82787-15/731808428_17902656174455086_5462641990175364731_n.jpg?stp=dst-jpg_e35_p1080x1080_sh2.08_tt6&_nc_ht=scontent-lax3-1.cdninstagram.com&_nc_cat=110&_nc_oc=Q6cZ2gGqlzYe_EUM_jZPAh4eaHIRwy5Q364tdpI3y2HZKvQ0AxAUPqY4QncdMW2BWw-ZhKE&_nc_ohc=ZxYE39Iuz5wQ7kNvwFzoEfI&_nc_gid=rdN9jEZm-Ic6Rrswj43K8w&edm=APU89FABAAAA&ccb=7-5&oh=00_AQCxt28HgN4CzHyY2xfNUDH1ClaqbSc3KakrreJDWyfBMw&oe=6A51AA92&_nc_sid=bc0c2c,167,5,0,
Nura Skincare / K-Beauty Shop,instagram,3931560867449161451,https://www.instagram.com/p/DaPtcdVIkbr/,2026-07-01T09:39:07.000Z,Estamos sempre disponíveis para ti❤️. 📍maputo vlademir lenine enfrente ao mozabanco,,https://scontent-lax3-1.cdninstagram.com/v/t51.82787-15/728882795_17902499451455086_5866174161001262854_n.jpg?stp=dst-jpg_e35_p1080x1080_sh2.08_tt6&_nc_ht=scontent-lax3-1.cdninstagram.com&_nc_cat=110&_nc_oc=Q6cZ2gGqlzYe_EUM_jZPAh4eaHIRwy5Q364tdpI3y2HZKvQ0AxAUPqY4QncdMW2BWw-ZhKE&_nc_ohc=qsJnuMecvLkQ7kNvwFOc0Pm&_nc_gid=rdN9jEZm-Ic6Rrswj43K8w&edm=APU89FABAAAA&ccb=7-5&oh=00_AQCvvQuIjoFmiC2ih4GqAm781U8ai-t_YfhZJB_Ao0uGbg&oe=6A51B052&_nc_sid=bc0c2c,77,0,0,
Nura Skincare / K-Beauty Shop,instagram,3930382979840348371,https://www.instagram.com/p/DaLhn8AoBDT/,2026-06-29T18:39:32.000Z,"O retinal que conquistou o mundo do skincare. ✨
O Celimax Retinal é um dos produtos mais procurados para quem quer melhorar rugas, textura, firmeza e poros, sem abrir mão de uma fórmula pensada para minimizar a irritação. Disponível na Nura Skincare. 💛 📍estamos localizados na vlademir lenine enfrente ao moza banco",,https://scontent-lax3-1.cdninstagram.com/v/t51.82787-15/733606117_17902222644455086_3782463433798851045_n.jpg?stp=dst-jpg_e15_tt6&_nc_ht=scontent-lax3-1.cdninstagram.com&_nc_cat=110&_nc_oc=Q6cZ2gGqlzYe_EUM_jZPAh4eaHIRwy5Q364tdpI3y2HZKvQ0AxAUPqY4QncdMW2BWw-ZhKE&_nc_ohc=3ii8CLZz6-gQ7kNvwEVnuxF&_nc_gid=rdN9jEZm-Ic6Rrswj43K8w&edm=APU89FABAAAA&ccb=7-5&oh=00_AQAZZSj0kAvs6yujODGEyozZcNw_1OsZO17qnk-t8nXpIQ&oe=6A51A086&_nc_sid=bc0c2c,116,5,0,
Nura Skincare / K-Beauty Shop,instagram,3928687380908957416,https://www.instagram.com/p/DaFgFuco17o/,2026-06-27T10:29:38.000Z,"Precisão, controlo e os produtos certos.
É assim que começa uma boa rotina. 📍maputo vlademir Lenine enfrente ao mozabanco.  Esperamos por vocês 🥰",,https://scontent-lax3-1.cdninstagram.com/v/t51.82787-15/730160971_17901835461455086_836132817333318193_n.jpg?stp=dst-jpg_e15_tt6&_nc_ht=scontent-lax3-1.cdninstagram.com&_nc_cat=110&_nc_oc=Q6cZ2gGqlzYe_EUM_jZPAh4eaHIRwy5Q364tdpI3y2HZKvQ0AxAUPqY4QncdMW2BWw-ZhKE&_nc_ohc=dmGoSg0QOg8Q7kNvwH743UT&_nc_gid=rdN9jEZm-Ic6Rrswj43K8w&edm=APU89FABAAAA&ccb=7-5&oh=00_AQB_cA83POEQd_KYpMySAlO9JAb0w8hLvQhOG_jbAwuoRA&oe=6A519BFB&_nc_sid=bc0c2c,53,5,0,
Nura Skincare / K-Beauty Shop,instagram,3925985481340811085,https://www.instagram.com/p/DZ75v6YqPdN/,2026-06-23T17:01:53.000Z,"O microagulhamento é um dos tratamentos que mais gosto de fazer na minha pele. ✨

Ajuda a melhorar a textura, a aparência dos poros, a luminosidade e estimula a renovação natural da pele.

Neste vídeo estou a utilizar um sérum com PDRN para potenciar a hidratação e a recuperação da pele.

Lembre-se: cada pele é única e deve ser avaliada antes de qualquer procedimento.

#Microagulhamento #Skincare #PeleSaudável #NuraSkincare","Microagulhamento, Skincare, PeleSaudável, NuraSkincare",https://scontent-lax3-1.cdninstagram.com/v/t51.82787-15/727360740_17901252594455086_1613356268750503882_n.jpg?stp=dst-jpg_e15_tt6&_nc_ht=scontent-lax3-1.cdninstagram.com&_nc_cat=110&_nc_oc=Q6cZ2gGqlzYe_EUM_jZPAh4eaHIRwy5Q364tdpI3y2HZKvQ0AxAUPqY4QncdMW2BWw-ZhKE&_nc_ohc=T4CQCBr1gnMQ7kNvwHN-NvM&_nc_gid=rdN9jEZm-Ic6Rrswj43K8w&edm=APU89FABAAAA&ccb=7-5&oh=00_AQBs0MbV4FqcQdyotAEKY78yNyp7G-dnE2rP7uP2vzhVWw&oe=6A51B2CA&_nc_sid=bc0c2c,33,2,0,
Nura Skincare / K-Beauty Shop,instagram,3925739599722326104,https://www.instagram.com/p/DZ7B13SIihY/,2026-06-23T08:51:53.000Z,"💰3000mt. ✨ AMPLE:N Hyper Shot Peptide Ampoule ✨

Um sérum avançado formulado com NMN, Phyto-Exosome e Peptides, desenvolvido para melhorar a firmeza, elasticidade e aparência da pele.

💜 Ajuda a promover um efeito lifting
💜 Melhora a elasticidade e a textura da pele
💜 Contribui para uma pele mais firme e revitalizada
💜 Ideal para quem procura cuidados anti-idade completos

Uma combinação poderosa para uma pele com aspeto mais jovem, saudável e luminoso. ✨

#Amplen #HyperShotPeptideAmpoule #SkincareCoreana #AntiIdade #Peptides LiftingCare NuraSkincare","Amplen, HyperShotPeptideAmpoule, SkincareCoreana, AntiIdade, Peptides",https://scontent-lax3-1.cdninstagram.com/v/t51.82787-15/728243472_17901197421455086_1961640232298735329_n.jpg?stp=dst-jpg_e35_p1080x1080_sh2.08_tt6&_nc_ht=scontent-lax3-1.cdninstagram.com&_nc_cat=110&_nc_oc=Q6cZ2gGqlzYe_EUM_jZPAh4eaHIRwy5Q364tdpI3y2HZKvQ0AxAUPqY4QncdMW2BWw-ZhKE&_nc_ohc=rL6kZjZmD4MQ7kNvwGYpVgX&_nc_gid=rdN9jEZm-Ic6Rrswj43K8w&edm=APU89FABAAAA&ccb=7-5&oh=00_AQDa__Y8-knhtfBUQKboREOkbObqRF1_N_8iJsQeoM5s7w&oe=6A51B4AE&_nc_sid=bc0c2c,7,0,0,
Nura Skincare / K-Beauty Shop,instagram,3925296134811195692,https://www.instagram.com/p/DZ5dAmZopks/,2026-06-22T18:11:57.000Z,"Depois de muito trabalho, dedicação e sonho, a Nura Skincare está finalmente de portas abertas.

Obrigada por fazer parte deste momento tão especial.

Seja bem-vindo. 📍vlademir lenine enfrente ao moza banco #nuraskincaremoz #skincarecoreano","nuraskincaremoz, skincarecoreano",https://scontent-lax3-1.cdninstagram.com/v/t51.82787-15/729674463_17901124515455086_5189075415331402583_n.jpg?stp=dst-jpg_e15_tt6&_nc_ht=scontent-lax3-1.cdninstagram.com&_nc_cat=110&_nc_oc=Q6cZ2gGqlzYe_EUM_jZPAh4eaHIRwy5Q364tdpI3y2HZKvQ0AxAUPqY4QncdMW2BWw-ZhKE&_nc_ohc=Jr8FEsdb4NYQ7kNvwEg3VEJ&_nc_gid=rdN9jEZm-Ic6Rrswj43K8w&edm=APU89FABAAAA&ccb=7-5&oh=00_AQB4KW5HoSxGO6zcG6A7ny-jm9Gn9248mBW5k-65GLkh9w&oe=6A5191C0&_nc_sid=bc0c2c,132,31,0,
Nura Skincare / K-Beauty Shop,instagram,3918022827636251445,https://www.instagram.com/p/DZfnQDPIVs1/,2026-06-12T17:20:41.000Z,"✨ Pele mais firme, luminosa e renovada em segundos

O novo Bubble Collagen Retinol Serum da VT Cosmetics transforma-se em microbolhas que penetram na pele e ajudam a melhorar a textura, elasticidade e brilho.

💧 Hidratação + colágeno + retinol numa só fórmula leve e inovadora

Resultados visíveis, sensação leve na pele ✨#skincarecoreano #nuraskincaremoz #vtcosmetics","skincarecoreano, nuraskincaremoz, vtcosmetics",https://scontent-lax7-1.cdninstagram.com/v/t51.71878-15/720633843_26973272979032845_5943507761807872436_n.jpg?stp=dst-jpg_e15_tt6&_nc_ht=scontent-lax7-1.cdninstagram.com&_nc_cat=101&_nc_oc=Q6cZ2gGqlzYe_EUM_jZPAh4eaHIRwy5Q364tdpI3y2HZKvQ0AxAUPqY4QncdMW2BWw-ZhKE&_nc_ohc=7xFRwCLz_skQ7kNvwF2JUO_&_nc_gid=rdN9jEZm-Ic6Rrswj43K8w&edm=APU89FABAAAA&ccb=7-5&oh=00_AQBEMI9tkclleNO-JuVazKFIf9nZrTYjg83tcM6OVMGX2Q&oe=6A51B674&_nc_sid=bc0c2c,23,0,0,
Nura Skincare / K-Beauty Shop,instagram,3917989433116429035,https://www.instagram.com/p/DZffqGKo4rr/,2026-06-12T16:13:44.000Z,"💰2600mt. ✨ VT Azelaic Acid Capsule Cream

Com Azelaic Acid, AHA, BHA, PHA e LHA, este creme ajuda a reduzir a aparência de manchas, controlar a oleosidade, melhorar a textura da pele e deixar o tom mais uniforme. 💚

Ideal para quem procura uma pele mais limpa, suave e luminosa no dia a dia.

#VTCosmetics #AzelaicAcid #SkincareCoreano #nuraskincaremoz","VTCosmetics, AzelaicAcid, SkincareCoreano, nuraskincaremoz",https://scontent-lax3-1.cdninstagram.com/v/t51.82787-15/721289773_17899626114455086_7917593339327722595_n.jpg?stp=dst-jpg_e35_p1080x1080_sh2.08_tt6&_nc_ht=scontent-lax3-1.cdninstagram.com&_nc_cat=110&_nc_oc=Q6cZ2gGqlzYe_EUM_jZPAh4eaHIRwy5Q364tdpI3y2HZKvQ0AxAUPqY4QncdMW2BWw-ZhKE&_nc_ohc=gDUaV_3BhTEQ7kNvwHBC-7d&_nc_gid=rdN9jEZm-Ic6Rrswj43K8w&edm=APU89FABAAAA&ccb=7-5&oh=00_AQBYjOqMUxgX1rWMtQPGTIp0ks1tUi0Fze30BrcEP3G8UA&oe=6A51BC61&_nc_sid=bc0c2c,7,0,0,
Nura Skincare / K-Beauty Shop,instagram,3915156566162251813,https://www.instagram.com/p/DZVbidOI6Al/,2026-06-08T18:25:15.000Z,"Estou só a descansar… mas se precisares de uma rotina para a tua pele, fala com a Nura Skincare. 🐾✨”",,https://scontent-lax3-1.cdninstagram.com/v/t51.82787-15/718118550_17899074627455086_2465397622578103134_n.jpg?stp=dst-jpg_e15_tt6&_nc_ht=scontent-lax3-1.cdninstagram.com&_nc_cat=110&_nc_oc=Q6cZ2gGqlzYe_EUM_jZPAh4eaHIRwy5Q364tdpI3y2HZKvQ0AxAUPqY4QncdMW2BWw-ZhKE&_nc_ohc=qw8Eovg6hHYQ7kNvwFqhAr_&_nc_gid=rdN9jEZm-Ic6Rrswj43K8w&edm=APU89FABAAAA&ccb=7-5&oh=00_AQALQhwwbhiJ9QW7i6oyEa-2LCVX3T7vmDCByqK8BC2V2g&oe=6A51C1D8&_nc_sid=bc0c2c,28,1,0,
Nura Skincare / K-Beauty Shop,instagram,3913551651782500040,https://www.instagram.com/p/DZPun4Oo57I/,2026-06-06T13:16:26.000Z,"✨ Acordar com os lábios macios nunca foi tão fácil! A ABIB Lip Mask hidrata intensamente, ajuda a combater o ressecamento e deixa os lábios com um aspeto saudável e bonito. Um pequeno passo na rotina, mas uma grande diferença nos resultados. 💋💖

#ABIB #LipMask #LipCare #KBeauty #SkincareRoutine LábiosPerfeitos","ABIB, LipMask, LipCare, KBeauty, SkincareRoutine",https://scontent-den2-1.cdninstagram.com/v/t51.71878-15/717417508_1044529581570967_2877019718309580578_n.jpg?stp=dst-jpg_e15_tt6&_nc_ht=scontent-den2-1.cdninstagram.com&_nc_cat=107&_nc_oc=Q6cZ2gE3KH5QVr7oqVJe-ZfSFhj1njmjW_ArEU9VSXJtu0YtR28O7LepLDq_ouNfsxETUGw&_nc_ohc=VBPesseuBF4Q7kNvwE4zaxr&_nc_gid=GXcwd_1mf_9HmP2l3JTMaw&edm=APU89FABAAAA&ccb=7-5&oh=00_AQAcp5OlIF0LoNWeqDbPiN2Yn6bwe1XkZ2LWcYpjKtnIPA&oe=6A51A35E&_nc_sid=bc0c2c,39,5,0,
Nura Skincare / K-Beauty Shop,instagram,3912046787675978703,https://www.instagram.com/p/DZKYdOUInvP/,2026-06-04T11:27:07.000Z,"Há novidades a caminho… 👀

Ainda não podemos contar tudo, mas prometemos que os amantes de skincare vão gostar. ✨💚

#Brevemente #nuraskincaremoz","Brevemente, nuraskincaremoz",https://scontent-den2-1.cdninstagram.com/v/t51.71878-15/712158746_1610432013375846_3685979677823197695_n.jpg?stp=dst-jpg_e15_tt6&_nc_ht=scontent-den2-1.cdninstagram.com&_nc_cat=106&_nc_oc=Q6cZ2gE3KH5QVr7oqVJe-ZfSFhj1njmjW_ArEU9VSXJtu0YtR28O7LepLDq_ouNfsxETUGw&_nc_ohc=__pxlBNNLPUQ7kNvwGMTrne&_nc_gid=GXcwd_1mf_9HmP2l3JTMaw&edm=APU89FABAAAA&ccb=7-5&oh=00_AQA8iMUJ_ybEMIIYOOplYgOx0V_VHaqazXNGidbqCSHUVg&oe=6A5191CC&_nc_sid=bc0c2c,354,3,0,
Nura Skincare / K-Beauty Shop,instagram,3911452749046331365,https://www.instagram.com/p/DZIRY0uobfl/,2026-06-03T15:51:21.000Z,"💰3000mt. ✨ Filligio Pink Retinol Shot Serum ✨

Um sérum inovador com retinol, PDRN vegetal e Volufiline que ajuda a melhorar a firmeza da pele, suavizar linhas finas e promover uma aparência mais preenchida e luminosa. A sua fórmula foi desenvolvida para estimular a renovação da pele enquanto mantém a hidratação e a elasticidade.",,https://scontent-den2-1.cdninstagram.com/v/t51.82787-15/714611736_17898358308455086_4647870781790633068_n.jpg?stp=dst-jpg_e15_tt6&_nc_ht=scontent-den2-1.cdninstagram.com&_nc_cat=110&_nc_oc=Q6cZ2gE3KH5QVr7oqVJe-ZfSFhj1njmjW_ArEU9VSXJtu0YtR28O7LepLDq_ouNfsxETUGw&_nc_ohc=_M3RKyh8RugQ7kNvwFLlrqj&_nc_gid=GXcwd_1mf_9HmP2l3JTMaw&edm=APU89FABAAAA&ccb=7-5&oh=00_AQA-joL2URxEWs8DgBJonw7IhsAtsf7g5NlUH3qgjUvrNA&oe=6A51AEBC&_nc_sid=bc0c2c,6,0,0,
Nura Skincare / K-Beauty Shop,instagram,3897002679118908274,https://www.instagram.com/p/DYU70oZoMty/,2026-05-14T17:17:55.000Z,"💰2600mt.  #✨ Numbuzin No.3 Blue Bio-Retinol Serum ✨
O sérum coreano que ajuda a melhorar a aparência dos poros, textura irregular e linhas finas sem ser tão agressivo como o retinol tradicional 💙

✔️ Niacinamida 10%
✔️ Blue Bio-Retinol
✔️ BHA para limpar os poros
✔️ Ajuda na oleosidade e glow da pele",✨,https://scontent-den2-1.cdninstagram.com/v/t51.82787-15/700245751_17895303273455086_571423772035328158_n.jpg?stp=dst-jpg_e35_p1080x1080_sh2.08_tt6&_nc_ht=scontent-den2-1.cdninstagram.com&_nc_cat=110&_nc_oc=Q6cZ2gE3KH5QVr7oqVJe-ZfSFhj1njmjW_ArEU9VSXJtu0YtR28O7LepLDq_ouNfsxETUGw&_nc_ohc=s77xGvYkSRwQ7kNvwEQyiCM&_nc_gid=GXcwd_1mf_9HmP2l3JTMaw&edm=APU89FABAAAA&ccb=7-5&oh=00_AQDIOq6X7bQuhg909BfAQBbXY27hE49GN2Tea7jQYgTlqg&oe=6A519C7E&_nc_sid=bc0c2c,6,0,0,
Nura Skincare / K-Beauty Shop,instagram,3867062527620332676,https://www.instagram.com/p/DWqkOFbCLyE/,2026-04-03T09:49:58.000Z,"PROMOÇÃO VALIDA. ➡️4/04/2026 a 7/04/2026.  celebramos a força, a beleza e a essência única da mulher moçambicana 🇲🇿✨

Mulheres que cuidam, lutam, sonham e nunca desistem — que carregam no sorriso a coragem e na alma a luz que transforma tudo à sua volta 💛

Na Nura, celebramos cada uma de vocês com carinho, porque sabemos que cuidar da pele também é uma forma de amor próprio 🌿

Feliz Dia da Mulher Moçambicana!
Hoje e sempre, brilhem com a vossa própria luz ✨

#DiaDaMulherMoçambicana #MulherMoçambicana #BelezaNatural #AmorPróprio #nuraskincare","DiaDaMulherMoçambicana, MulherMoçambicana, BelezaNatural, AmorPróprio, nuraskincare",https://scontent-den2-1.cdninstagram.com/v/t51.82787-15/657441459_17889260040455086_151565220995389983_n.jpg?stp=dst-jpg_e35_p1080x1080_sh2.08_tt6&_nc_ht=scontent-den2-1.cdninstagram.com&_nc_cat=110&_nc_oc=Q6cZ2gE3KH5QVr7oqVJe-ZfSFhj1njmjW_ArEU9VSXJtu0YtR28O7LepLDq_ouNfsxETUGw&_nc_ohc=-ixRfF-ryzYQ7kNvwF0O29r&_nc_gid=GXcwd_1mf_9HmP2l3JTMaw&edm=APU89FABAAAA&ccb=7-5&oh=00_AQDJkjAK06CEBZj35qQQITcxFGjSXdqNTZ2bKD4FF7iarw&oe=6A51AFFF&_nc_sid=bc0c2c,9,0,0,
Nura Skincare / K-Beauty Shop,instagram,3865527246094109778,https://www.instagram.com/p/DWlHIzFCIxS/,2026-04-01T06:59:38.000Z,💰2500mt,,https://scontent-den2-1.cdninstagram.com/v/t51.82787-15/658367134_17888963697455086_698587018570103095_n.jpg?stp=dst-jpg_e15_tt6&_nc_ht=scontent-den2-1.cdninstagram.com&_nc_cat=110&_nc_oc=Q6cZ2gE3KH5QVr7oqVJe-ZfSFhj1njmjW_ArEU9VSXJtu0YtR28O7LepLDq_ouNfsxETUGw&_nc_ohc=HMzHJmHUCeMQ7kNvwHTrJq1&_nc_gid=GXcwd_1mf_9HmP2l3JTMaw&edm=APU89FABAAAA&ccb=7-5&oh=00_AQDPrdRB5Y04qyCq8b_VkB461gtNktnuRrjJCceUloUFNw&oe=6A51AE54&_nc_sid=bc0c2c,7,0,0,
Nura Skincare / K-Beauty Shop,instagram,3861212806574000499,https://www.instagram.com/p/DWVyJcKCElz/,2026-03-26T08:09:35.000Z,"💰3200mt. ✨ Luminosidade que transforma a pele

A vitamina C encapsulada atua nas manchas, na opacidade e na falta de uniformidade, revelando um tom mais claro, radiante e saudável 💛

A tecnologia de encapsulação protege o ativo, tornando-o eficaz e delicado ao mesmo tempo — ideal para uma pele luminosa sem irritação ✨

💧 Mais brilho
💧 Tom uniforme
💧 Aparência revitalizada
#medicubevitaccapsulecream #vitaminacpura","medicubevitaccapsulecream, vitaminacpura",https://scontent-den2-1.cdninstagram.com/v/t51.82787-15/657275322_17888026803455086_1491788886890944354_n.jpg?stp=dst-jpg_e15_fr_s1080x1080_tt6&_nc_ht=scontent-den2-1.cdninstagram.com&_nc_cat=110&_nc_oc=Q6cZ2gE3KH5QVr7oqVJe-ZfSFhj1njmjW_ArEU9VSXJtu0YtR28O7LepLDq_ouNfsxETUGw&_nc_ohc=5ouCHyCR4ssQ7kNvwF7PGgp&_nc_gid=GXcwd_1mf_9HmP2l3JTMaw&edm=APU89FABAAAA&ccb=7-5&oh=00_AQD-LtL-qg3mc7yF8_F20JWtVZKu_4fRFIRz_mq2DwT3BA&oe=6A51A7A5&_nc_sid=bc0c2c,11,1,0,
CDA - Centro de Diagnóstico Avançado,instagram,3857599761142566218,https://www.instagram.com/p/DWI8otYiM1K/,2026-03-21T08:29:08.000Z,"Wishing you lightness, peace and meaningful moments… 🌙",,https://scontent-den2-1.cdninstagram.com/v/t51.82787-15/656678941_18079023164414312_9159554397189762680_n.jpg?stp=dst-jpg_e15_fr_p1080x1080_tt6&_nc_ht=scontent-den2-1.cdninstagram.com&_nc_cat=108&_nc_oc=Q6cZ2gE3KH5QVr7oqVJe-ZfSFhj1njmjW_ArEU9VSXJtu0YtR28O7LepLDq_ouNfsxETUGw&_nc_ohc=auxCcfzfXq0Q7kNvwFK3QjN&_nc_gid=GXcwd_1mf_9HmP2l3JTMaw&edm=APU89FABAAAA&ccb=7-5&oh=00_AQA78P-aioUHhcHrM9IugO7PGKiWSnhBN9B1qjCN86Elbw&oe=6A51BBF7&_nc_sid=bc0c2c,60,3,0,
Nura Skincare / K-Beauty Shop,instagram,3935253356454967720,https://www.instagram.com/p/Dac1BPsqXmo/,2026-07-06T11:55:12.000Z,“Dá vontade de usar. E ainda trata a pele.” @vtcosmetics_global  #vtcosmetics #kbeauty #nuraskincaremoz #acidoazelaico,"vtcosmetics, kbeauty, nuraskincaremoz, acidoazelaico",https://scontent-dfw6-2.cdninstagram.com/v/t51.82787-15/736207218_17903230605455086_2684909734197591886_n.jpg?stp=dst-jpg_e15_tt6&_nc_ht=scontent-dfw6-2.cdninstagram.com&_nc_cat=110&_nc_oc=Q6cZ2gE4JrBcpDY1-klYg2tGufpCpck2hVt5F2NKLBJuXfrYSyDxZXGFf5AAsMFVkj0Ts7Q&_nc_ohc=5BBm2mU1bbgQ7kNvwEI4Syv&_nc_gid=UJ7U3EyXIheoqu1bwoqaqQ&edm=APU89FABAAAA&ccb=7-5&oh=00_AQA9E5afoEphOOiM83KV_cugnFXfZRqtRAKcKZNvKS7Tlg&oe=6A524234&_nc_sid=bc0c2c,25,0,0,
Nura Skincare / K-Beauty Shop,instagram,3933132900675037058,https://www.instagram.com/p/DaVS4jXIyeC/,2026-07-03T13:43:40.000Z,A Copa é de futebol… a nossa é de skincare. 🧴🏆. 📍maputo avenida vlademir lenine enfrente ao mozabanco.  #skincarecoreano #nuraskincaremoz,"skincarecoreano, nuraskincaremoz",https://scontent-dfw6-2.cdninstagram.com/v/t51.82787-15/731482107_17902813632455086_6375979591557639145_n.jpg?stp=dst-jpg_e15_tt6&_nc_ht=scontent-dfw6-2.cdninstagram.com&_nc_cat=110&_nc_oc=Q6cZ2gE4JrBcpDY1-klYg2tGufpCpck2hVt5F2NKLBJuXfrYSyDxZXGFf5AAsMFVkj0Ts7Q&_nc_ohc=Gf5kgB_lGncQ7kNvwFGj-Wv&_nc_gid=UJ7U3EyXIheoqu1bwoqaqQ&edm=APU89FABAAAA&ccb=7-5&oh=00_AQAMjDrYRF16Kv5gCUm0zLUQIRON8MIMeleKXNk06am2ag&oe=6A5245CA&_nc_sid=bc0c2c,86,9,0,
Nura Skincare / K-Beauty Shop,instagram,3932364008281333666,https://www.instagram.com/p/DaSkDshI9-i/,2026-07-02T12:12:42.000Z,Your glow starts here. E nós estamos aqui para te ajudar a encontrar a rotina perfeita para a tua pele. 🤍,,https://scontent-dfw6-2.cdninstagram.com/v/t51.82787-15/731808428_17902656174455086_5462641990175364731_n.jpg?stp=dst-jpg_e35_p1080x1080_sh2.08_tt6&_nc_ht=scontent-dfw6-2.cdninstagram.com&_nc_cat=110&_nc_oc=Q6cZ2gE4JrBcpDY1-klYg2tGufpCpck2hVt5F2NKLBJuXfrYSyDxZXGFf5AAsMFVkj0Ts7Q&_nc_ohc=ZxYE39Iuz5wQ7kNvwFZOs2A&_nc_gid=UJ7U3EyXIheoqu1bwoqaqQ&edm=APU89FABAAAA&ccb=7-5&oh=00_AQDT1UNCLdLVTAr_ePaLXsNXbDDWXqfmQufbaD9LvoRwSQ&oe=6A525352&_nc_sid=bc0c2c,168,5,0,
Nura Skincare / K-Beauty Shop,instagram,3931560867449161451,https://www.instagram.com/p/DaPtcdVIkbr/,2026-07-01T09:39:07.000Z,Estamos sempre disponíveis para ti❤️. 📍maputo vlademir lenine enfrente ao mozabanco,,https://scontent-dfw6-2.cdninstagram.com/v/t51.82787-15/728882795_17902499451455086_5866174161001262854_n.jpg?stp=dst-jpg_e35_p1080x1080_sh2.08_tt6&_nc_ht=scontent-dfw6-2.cdninstagram.com&_nc_cat=110&_nc_oc=Q6cZ2gE4JrBcpDY1-klYg2tGufpCpck2hVt5F2NKLBJuXfrYSyDxZXGFf5AAsMFVkj0Ts7Q&_nc_ohc=qsJnuMecvLkQ7kNvwFKPYif&_nc_gid=UJ7U3EyXIheoqu1bwoqaqQ&edm=APU89FABAAAA&ccb=7-5&oh=00_AQBW449BsdcgN12ZB0vgOIlrSgOzWz1SmXFMU8ZkcsZsKw&oe=6A5220D2&_nc_sid=bc0c2c,77,0,0,
Nura Skincare / K-Beauty Shop,instagram,3930382979840348371,https://www.instagram.com/p/DaLhn8AoBDT/,2026-06-29T18:39:32.000Z,"O retinal que conquistou o mundo do skincare. ✨
O Celimax Retinal é um dos produtos mais procurados para quem quer melhorar rugas, textura, firmeza e poros, sem abrir mão de uma fórmula pensada para minimizar a irritação. Disponível na Nura Skincare. 💛 📍estamos localizados na vlademir lenine enfrente ao moza banco",,https://scontent-dfw6-2.cdninstagram.com/v/t51.82787-15/733606117_17902222644455086_3782463433798851045_n.jpg?stp=dst-jpg_e15_tt6&_nc_ht=scontent-dfw6-2.cdninstagram.com&_nc_cat=110&_nc_oc=Q6cZ2gE4JrBcpDY1-klYg2tGufpCpck2hVt5F2NKLBJuXfrYSyDxZXGFf5AAsMFVkj0Ts7Q&_nc_ohc=3ii8CLZz6-gQ7kNvwFZLJTH&_nc_gid=UJ7U3EyXIheoqu1bwoqaqQ&edm=APU89FABAAAA&ccb=7-5&oh=00_AQBPQWMAnrrhNgCySjDaYYlSX-PzREZEP1QO0nI3KAIdKQ&oe=6A524946&_nc_sid=bc0c2c,117,5,0,
Nura Skincare / K-Beauty Shop,instagram,3928687380908957416,https://www.instagram.com/p/DaFgFuco17o/,2026-06-27T10:29:38.000Z,"Precisão, controlo e os produtos certos.
É assim que começa uma boa rotina. 📍maputo vlademir Lenine enfrente ao mozabanco.  Esperamos por vocês 🥰",,https://scontent-dfw6-2.cdninstagram.com/v/t51.82787-15/730160971_17901835461455086_836132817333318193_n.jpg?stp=dst-jpg_e15_tt6&_nc_ht=scontent-dfw6-2.cdninstagram.com&_nc_cat=110&_nc_oc=Q6cZ2gE4JrBcpDY1-klYg2tGufpCpck2hVt5F2NKLBJuXfrYSyDxZXGFf5AAsMFVkj0Ts7Q&_nc_ohc=dmGoSg0QOg8Q7kNvwEZR3P5&_nc_gid=UJ7U3EyXIheoqu1bwoqaqQ&edm=APU89FABAAAA&ccb=7-5&oh=00_AQCzXSlKTwjlWil7-KlWhwbDfOge7YWH-OfEvUj0lG4Sxg&oe=6A5244BB&_nc_sid=bc0c2c,55,5,0,
Nura Skincare / K-Beauty Shop,instagram,3925985481340811085,https://www.instagram.com/p/DZ75v6YqPdN/,2026-06-23T17:01:53.000Z,"O microagulhamento é um dos tratamentos que mais gosto de fazer na minha pele. ✨

Ajuda a melhorar a textura, a aparência dos poros, a luminosidade e estimula a renovação natural da pele.

Neste vídeo estou a utilizar um sérum com PDRN para potenciar a hidratação e a recuperação da pele.

Lembre-se: cada pele é única e deve ser avaliada antes de qualquer procedimento.

#Microagulhamento #Skincare #PeleSaudável #NuraSkincare","Microagulhamento, Skincare, PeleSaudável, NuraSkincare",https://scontent-dfw6-2.cdninstagram.com/v/t51.82787-15/727360740_17901252594455086_1613356268750503882_n.jpg?stp=dst-jpg_e15_tt6&_nc_ht=scontent-dfw6-2.cdninstagram.com&_nc_cat=110&_nc_oc=Q6cZ2gE4JrBcpDY1-klYg2tGufpCpck2hVt5F2NKLBJuXfrYSyDxZXGFf5AAsMFVkj0Ts7Q&_nc_ohc=T4CQCBr1gnMQ7kNvwGwXxP8&_nc_gid=UJ7U3EyXIheoqu1bwoqaqQ&edm=APU89FABAAAA&ccb=7-5&oh=00_AQDMi4nkhTetCzcsm9PLb6DTBVcoqUALYnKNks1eUCH3FQ&oe=6A52234A&_nc_sid=bc0c2c,35,2,0,
Nura Skincare / K-Beauty Shop,instagram,3925739599722326104,https://www.instagram.com/p/DZ7B13SIihY/,2026-06-23T08:51:53.000Z,"💰3000mt. ✨ AMPLE:N Hyper Shot Peptide Ampoule ✨

Um sérum avançado formulado com NMN, Phyto-Exosome e Peptides, desenvolvido para melhorar a firmeza, elasticidade e aparência da pele.

💜 Ajuda a promover um efeito lifting
💜 Melhora a elasticidade e a textura da pele
💜 Contribui para uma pele mais firme e revitalizada
💜 Ideal para quem procura cuidados anti-idade completos

Uma combinação poderosa para uma pele com aspeto mais jovem, saudável e luminoso. ✨

#Amplen #HyperShotPeptideAmpoule #SkincareCoreana #AntiIdade #Peptides LiftingCare NuraSkincare","Amplen, HyperShotPeptideAmpoule, SkincareCoreana, AntiIdade, Peptides",https://scontent-dfw6-2.cdninstagram.com/v/t51.82787-15/728243472_17901197421455086_1961640232298735329_n.jpg?stp=dst-jpg_e35_p1080x1080_sh2.08_tt6&_nc_ht=scontent-dfw6-2.cdninstagram.com&_nc_cat=110&_nc_oc=Q6cZ2gE4JrBcpDY1-klYg2tGufpCpck2hVt5F2NKLBJuXfrYSyDxZXGFf5AAsMFVkj0Ts7Q&_nc_ohc=rL6kZjZmD4MQ7kNvwEc-tls&_nc_gid=UJ7U3EyXIheoqu1bwoqaqQ&edm=APU89FABAAAA&ccb=7-5&oh=00_AQBZrcVEplmVmtJ-CZxRvk8RYNalvo58gCgDXZ5M9mTO2g&oe=6A52252E&_nc_sid=bc0c2c,7,0,0,
Nura Skincare / K-Beauty Shop,instagram,3925296134811195692,https://www.instagram.com/p/DZ5dAmZopks/,2026-06-22T18:11:57.000Z,"Depois de muito trabalho, dedicação e sonho, a Nura Skincare está finalmente de portas abertas.

Obrigada por fazer parte deste momento tão especial.

Seja bem-vindo. 📍vlademir lenine enfrente ao moza banco #nuraskincaremoz #skincarecoreano","nuraskincaremoz, skincarecoreano",https://scontent-dfw6-2.cdninstagram.com/v/t51.82787-15/729674463_17901124515455086_5189075415331402583_n.jpg?stp=dst-jpg_e15_tt6&_nc_ht=scontent-dfw6-2.cdninstagram.com&_nc_cat=110&_nc_oc=Q6cZ2gE4JrBcpDY1-klYg2tGufpCpck2hVt5F2NKLBJuXfrYSyDxZXGFf5AAsMFVkj0Ts7Q&_nc_ohc=Jr8FEsdb4NYQ7kNvwGhO77P&_nc_gid=UJ7U3EyXIheoqu1bwoqaqQ&edm=APU89FABAAAA&ccb=7-5&oh=00_AQCz9zix2LBojBpwKmfhSaCBUn9HMA_cvzIzsU6EpP21kA&oe=6A523A80&_nc_sid=bc0c2c,133,31,0,
Nura Skincare / K-Beauty Shop,instagram,3918022827636251445,https://www.instagram.com/p/DZfnQDPIVs1/,2026-06-12T17:20:41.000Z,"✨ Pele mais firme, luminosa e renovada em segundos

O novo Bubble Collagen Retinol Serum da VT Cosmetics transforma-se em microbolhas que penetram na pele e ajudam a melhorar a textura, elasticidade e brilho.

💧 Hidratação + colágeno + retinol numa só fórmula leve e inovadora

Resultados visíveis, sensação leve na pele ✨#skincarecoreano #nuraskincaremoz #vtcosmetics","skincarecoreano, nuraskincaremoz, vtcosmetics",https://scontent-dfw6-1.cdninstagram.com/v/t51.71878-15/720633843_26973272979032845_5943507761807872436_n.jpg?stp=dst-jpg_e15_tt6&_nc_ht=scontent-dfw6-1.cdninstagram.com&_nc_cat=101&_nc_oc=Q6cZ2gE4JrBcpDY1-klYg2tGufpCpck2hVt5F2NKLBJuXfrYSyDxZXGFf5AAsMFVkj0Ts7Q&_nc_ohc=7xFRwCLz_skQ7kNvwFCDD7L&_nc_gid=UJ7U3EyXIheoqu1bwoqaqQ&edm=APU89FABAAAA&ccb=7-5&oh=00_AQDFIzop8o--IMrS1vsgESdYssGdaVpXvtlVT_Bsfjw51g&oe=6A5226F4&_nc_sid=bc0c2c,23,0,0,
Nura Skincare / K-Beauty Shop,instagram,3917989433116429035,https://www.instagram.com/p/DZffqGKo4rr/,2026-06-12T16:13:44.000Z,"💰2600mt. ✨ VT Azelaic Acid Capsule Cream

Com Azelaic Acid, AHA, BHA, PHA e LHA, este creme ajuda a reduzir a aparência de manchas, controlar a oleosidade, melhorar a textura da pele e deixar o tom mais uniforme. 💚

Ideal para quem procura uma pele mais limpa, suave e luminosa no dia a dia.

#VTCosmetics #AzelaicAcid #SkincareCoreano #nuraskincaremoz","VTCosmetics, AzelaicAcid, SkincareCoreano, nuraskincaremoz",https://scontent-dfw6-2.cdninstagram.com/v/t51.82787-15/721289773_17899626114455086_7917593339327722595_n.jpg?stp=dst-jpg_e35_p1080x1080_sh2.08_tt6&_nc_ht=scontent-dfw6-2.cdninstagram.com&_nc_cat=110&_nc_oc=Q6cZ2gE4JrBcpDY1-klYg2tGufpCpck2hVt5F2NKLBJuXfrYSyDxZXGFf5AAsMFVkj0Ts7Q&_nc_ohc=gDUaV_3BhTEQ7kNvwFKrXVo&_nc_gid=UJ7U3EyXIheoqu1bwoqaqQ&edm=APU89FABAAAA&ccb=7-5&oh=00_AQAuo_6s7oC3f8GN7D70fvYWlXH22gSfLsvPLRz8kgApzA&oe=6A522CE1&_nc_sid=bc0c2c,7,0,0,
Nura Skincare / K-Beauty Shop,instagram,3915156566162251813,https://www.instagram.com/p/DZVbidOI6Al/,2026-06-08T18:25:15.000Z,"Estou só a descansar… mas se precisares de uma rotina para a tua pele, fala com a Nura Skincare. 🐾✨”",,https://scontent-dfw6-2.cdninstagram.com/v/t51.82787-15/718118550_17899074627455086_2465397622578103134_n.jpg?stp=dst-jpg_e15_tt6&_nc_ht=scontent-dfw6-2.cdninstagram.com&_nc_cat=110&_nc_oc=Q6cZ2gE4JrBcpDY1-klYg2tGufpCpck2hVt5F2NKLBJuXfrYSyDxZXGFf5AAsMFVkj0Ts7Q&_nc_ohc=qw8Eovg6hHYQ7kNvwEkKhuo&_nc_gid=UJ7U3EyXIheoqu1bwoqaqQ&edm=APU89FABAAAA&ccb=7-5&oh=00_AQAhhGyCHOc7zI6pQpxlp54cpW-MjG-pl2i6VaZ_dRNkQg&oe=6A523258&_nc_sid=bc0c2c,28,1,0,
Nura Skincare / K-Beauty Shop,instagram,3913551651782500040,https://www.instagram.com/p/DZPun4Oo57I/,2026-06-06T13:16:26.000Z,"✨ Acordar com os lábios macios nunca foi tão fácil! A ABIB Lip Mask hidrata intensamente, ajuda a combater o ressecamento e deixa os lábios com um aspeto saudável e bonito. Um pequeno passo na rotina, mas uma grande diferença nos resultados. 💋💖

#ABIB #LipMask #LipCare #KBeauty #SkincareRoutine LábiosPerfeitos","ABIB, LipMask, LipCare, KBeauty, SkincareRoutine",https://scontent-ord5-3.cdninstagram.com/v/t51.71878-15/717417508_1044529581570967_2877019718309580578_n.jpg?stp=dst-jpg_e15_tt6&_nc_ht=scontent-ord5-3.cdninstagram.com&_nc_cat=107&_nc_oc=Q6cZ2gF7w5f-Ix_VrKwBieCU7K5E1iQDEYV-kSQxGptWx9Tbc_pNmONnLrjUgaZ1Ry7JMlY&_nc_ohc=VBPesseuBF4Q7kNvwGGK7Rn&_nc_gid=TzM2YF4nO-UN7Yri1Z7tow&edm=APU89FABAAAA&ccb=7-5&oh=00_AQCc8KOr-QIFPf68Blbyelj8Oxy0SpP7kC1DEp5Fm6rIig&oe=6A524C1E&_nc_sid=bc0c2c,39,5,0,
Nura Skincare / K-Beauty Shop,instagram,3912046787675978703,https://www.instagram.com/p/DZKYdOUInvP/,2026-06-04T11:27:07.000Z,"Há novidades a caminho… 👀

Ainda não podemos contar tudo, mas prometemos que os amantes de skincare vão gostar. ✨💚

#Brevemente #nuraskincaremoz","Brevemente, nuraskincaremoz",https://scontent-ord5-1.cdninstagram.com/v/t51.71878-15/712158746_1610432013375846_3685979677823197695_n.jpg?stp=dst-jpg_e15_tt6&_nc_ht=scontent-ord5-1.cdninstagram.com&_nc_cat=106&_nc_oc=Q6cZ2gF7w5f-Ix_VrKwBieCU7K5E1iQDEYV-kSQxGptWx9Tbc_pNmONnLrjUgaZ1Ry7JMlY&_nc_ohc=fkUH1GYB-3UQ7kNvwG5gm47&_nc_gid=TzM2YF4nO-UN7Yri1Z7tow&edm=APU89FABAAAA&ccb=7-5&oh=00_AQDOuN-BSSTpsCtkYGbiLjZhKFGawl5j05mTlXMREauBAQ&oe=6A523A8C&_nc_sid=bc0c2c,354,3,0,
Nura Skincare / K-Beauty Shop,instagram,3911452749046331365,https://www.instagram.com/p/DZIRY0uobfl/,2026-06-03T15:51:21.000Z,"💰3000mt. ✨ Filligio Pink Retinol Shot Serum ✨

Um sérum inovador com retinol, PDRN vegetal e Volufiline que ajuda a melhorar a firmeza da pele, suavizar linhas finas e promover uma aparência mais preenchida e luminosa. A sua fórmula foi desenvolvida para estimular a renovação da pele enquanto mantém a hidratação e a elasticidade.",,https://scontent-ord5-3.cdninstagram.com/v/t51.82787-15/714611736_17898358308455086_4647870781790633068_n.jpg?stp=dst-jpg_e15_tt6&_nc_ht=scontent-ord5-3.cdninstagram.com&_nc_cat=110&_nc_oc=Q6cZ2gF7w5f-Ix_VrKwBieCU7K5E1iQDEYV-kSQxGptWx9Tbc_pNmONnLrjUgaZ1Ry7JMlY&_nc_ohc=_M3RKyh8RugQ7kNvwGD9YpJ&_nc_gid=TzM2YF4nO-UN7Yri1Z7tow&edm=APU89FABAAAA&ccb=7-5&oh=00_AQCXCrTxHneqFgd8XJkqMu9zn6MdRmb6MWy01qeM4a9SLg&oe=6A52577C&_nc_sid=bc0c2c,6,0,0,
Nura Skincare / K-Beauty Shop,instagram,3897002679118908274,https://www.instagram.com/p/DYU70oZoMty/,2026-05-14T17:17:55.000Z,"💰2600mt.  #✨ Numbuzin No.3 Blue Bio-Retinol Serum ✨
O sérum coreano que ajuda a melhorar a aparência dos poros, textura irregular e linhas finas sem ser tão agressivo como o retinol tradicional 💙

✔️ Niacinamida 10%
✔️ Blue Bio-Retinol
✔️ BHA para limpar os poros
✔️ Ajuda na oleosidade e glow da pele",✨,https://scontent-ord5-3.cdninstagram.com/v/t51.82787-15/700245751_17895303273455086_571423772035328158_n.jpg?stp=dst-jpg_e35_p1080x1080_sh2.08_tt6&_nc_ht=scontent-ord5-3.cdninstagram.com&_nc_cat=110&_nc_oc=Q6cZ2gF7w5f-Ix_VrKwBieCU7K5E1iQDEYV-kSQxGptWx9Tbc_pNmONnLrjUgaZ1Ry7JMlY&_nc_ohc=S9Cmk6Sb-RAQ7kNvwEn9FFy&_nc_gid=TzM2YF4nO-UN7Yri1Z7tow&edm=APU89FABAAAA&ccb=7-5&oh=00_AQDp2uB720xynp3ylDjVM1XH396W3dvVmM2LDXDklXr0kA&oe=6A52453E&_nc_sid=bc0c2c,6,0,0,
Nura Skincare / K-Beauty Shop,instagram,3867062527620332676,https://www.instagram.com/p/DWqkOFbCLyE/,2026-04-03T09:49:58.000Z,"PROMOÇÃO VALIDA. ➡️4/04/2026 a 7/04/2026.  celebramos a força, a beleza e a essência única da mulher moçambicana 🇲🇿✨

Mulheres que cuidam, lutam, sonham e nunca desistem — que carregam no sorriso a coragem e na alma a luz que transforma tudo à sua volta 💛

Na Nura, celebramos cada uma de vocês com carinho, porque sabemos que cuidar da pele também é uma forma de amor próprio 🌿

Feliz Dia da Mulher Moçambicana!
Hoje e sempre, brilhem com a vossa própria luz ✨

#DiaDaMulherMoçambicana #MulherMoçambicana #BelezaNatural #AmorPróprio #nuraskincare","DiaDaMulherMoçambicana, MulherMoçambicana, BelezaNatural, AmorPróprio, nuraskincare",https://scontent-ord5-3.cdninstagram.com/v/t51.82787-15/657441459_17889260040455086_151565220995389983_n.jpg?stp=dst-jpg_e35_p1080x1080_sh2.08_tt6&_nc_ht=scontent-ord5-3.cdninstagram.com&_nc_cat=110&_nc_oc=Q6cZ2gF7w5f-Ix_VrKwBieCU7K5E1iQDEYV-kSQxGptWx9Tbc_pNmONnLrjUgaZ1Ry7JMlY&_nc_ohc=-ixRfF-ryzYQ7kNvwFviXpR&_nc_gid=TzM2YF4nO-UN7Yri1Z7tow&edm=APU89FABAAAA&ccb=7-5&oh=00_AQAdkubEB2r4OPETCISNDD6dWrAJM1bP2QpSW3tRYhumtA&oe=6A52207F&_nc_sid=bc0c2c,9,0,0,
Nura Skincare / K-Beauty Shop,instagram,3865527246094109778,https://www.instagram.com/p/DWlHIzFCIxS/,2026-04-01T06:59:38.000Z,💰2500mt,,https://scontent-ord5-3.cdninstagram.com/v/t51.82787-15/658367134_17888963697455086_698587018570103095_n.jpg?stp=dst-jpg_e15_tt6&_nc_ht=scontent-ord5-3.cdninstagram.com&_nc_cat=110&_nc_oc=Q6cZ2gF7w5f-Ix_VrKwBieCU7K5E1iQDEYV-kSQxGptWx9Tbc_pNmONnLrjUgaZ1Ry7JMlY&_nc_ohc=HMzHJmHUCeMQ7kNvwE07bDh&_nc_gid=TzM2YF4nO-UN7Yri1Z7tow&edm=APU89FABAAAA&ccb=7-5&oh=00_AQBfNGxftHF_8-KbpId9X-wsWyllPQ0b9NXDiKwS6FaoZg&oe=6A525714&_nc_sid=bc0c2c,7,0,0,
Nura Skincare / K-Beauty Shop,instagram,3861212806574000499,https://www.instagram.com/p/DWVyJcKCElz/,2026-03-26T08:09:35.000Z,"💰3200mt. ✨ Luminosidade que transforma a pele

A vitamina C encapsulada atua nas manchas, na opacidade e na falta de uniformidade, revelando um tom mais claro, radiante e saudável 💛

A tecnologia de encapsulação protege o ativo, tornando-o eficaz e delicado ao mesmo tempo — ideal para uma pele luminosa sem irritação ✨

💧 Mais brilho
💧 Tom uniforme
💧 Aparência revitalizada
#medicubevitaccapsulecream #vitaminacpura","medicubevitaccapsulecream, vitaminacpura",https://scontent-ord5-3.cdninstagram.com/v/t51.82787-15/657275322_17888026803455086_1491788886890944354_n.jpg?stp=dst-jpg_e15_fr_s1080x1080_tt6&_nc_ht=scontent-ord5-3.cdninstagram.com&_nc_cat=110&_nc_oc=Q6cZ2gF7w5f-Ix_VrKwBieCU7K5E1iQDEYV-kSQxGptWx9Tbc_pNmONnLrjUgaZ1Ry7JMlY&_nc_ohc=5ouCHyCR4ssQ7kNvwGBfDkq&_nc_gid=TzM2YF4nO-UN7Yri1Z7tow&edm=APU89FABAAAA&ccb=7-5&oh=00_AQBp582uHqUIWGRw5H1MMz7vLnxZK8S8f0U4FuX8ezZF1Q&oe=6A525065&_nc_sid=bc0c2c,11,1,0,